diseaseId,cluster
umls:C0019202,10
umls:C0007097,7
umls:C0162557,3
umls:C0019158,10
umls:C0023895,10
umls:C0919267,10
umls:C0023903,10
umls:C0009404,8
umls:C0015695,10
umls:C0022665,10
umls:C0023890,3
umls:C0242339,3
umls:C0026640,10
umls:C1168401,10
umls:C1458155,10
umls:C0012644,7
umls:C0242656,7
umls:C0031117,10
umls:C2239176,10
umls:C0026650,10
umls:C0022716,7
umls:C0018809,7
umls:C0016059,7
umls:C0024121,7
umls:C0003944,7
umls:C0001973,8
umls:C0268070,3
umls:C0302332,10
umls:C0029925,10
umls:C0878682,10
umls:C1140680,10
umls:C0677886,10
umls:C0012714,8
umls:C0006826,8
umls:C0265388,7
umls:C0085605,7
umls:C0152457,10
umls:C0007137,7
umls:C3825627,8
umls:C0263214,7
umls:C0221757,10
umls:C0242379,10
umls:C0206624,10
umls:C0009402,10
umls:C0684249,10
umls:C0345904,8
umls:C0220756,10
umls:C0268074,10
umls:C0041696,10
umls:C0013421,10
umls:C0279000,10
umls:C0393593,10
umls:C0019247,3
umls:C0027765,3
umls:C0242422,3
umls:C0017636,3
umls:C3501835,10
umls:C1527249,3
umls:C1319315,10
umls:C1269683,10
umls:C0600139,10
umls:C0028754,8
umls:C0020505,6
umls:C0020459,8
umls:C0021655,7
umls:C0005910,4
umls:C0001349,3
umls:C2750440,6
umls:C0020429,4
umls:C0376618,6
umls:C0149940,6
umls:C0011860,9
umls:C0028756,10
umls:C0020538,10
umls:C0497406,6
umls:C2240399,6
umls:C2911645,6
umls:C0043096,6
umls:C0524620,6
umls:C2267227,6
umls:C0206081,6
umls:C0037769,10
umls:C0518010,6
umls:C3645710,9
umls:C0011849,9
umls:C0006625,7
umls:C2362324,6
umls:C0006370,7
umls:C0520679,3
umls:C0004096,3
umls:C0043094,4
umls:C1272641,7
umls:C2911647,7
umls:C0024299,6
umls:C0003578,7
umls:C0041296,6
umls:C0027651,6
umls:C0021368,7
umls:C0920269,10
umls:C0009375,6
umls:C0034013,6
umls:C0039870,7
umls:C0017185,6
umls:C0023418,7
umls:C0242383,6
umls:C0011847,6
umls:C0311277,7
umls:C0020175,3
umls:C0003123,7
umls:C0003125,10
umls:C0271650,6
umls:C1561826,6
umls:C1263846,7
umls:C1306459,10
umls:C0678222,7
umls:C0006142,7
umls:C0267990,10
umls:C0004153,7
umls:C0003469,10
umls:C0025517,10
umls:C2675519,10
umls:C1281440,3
umls:C0041948,7
umls:C0033806,6
umls:C1883486,7
umls:C0025202,8
umls:C3494506,8
umls:C0032002,10
umls:C0007103,7
umls:C0003850,10
umls:C0476089,8
umls:C0032460,10
umls:C0036341,10
umls:C0011853,10
umls:C0033578,10
umls:C1956346,7
umls:C0032927,7
umls:C0007621,7
umls:C0020473,6
umls:C1840169,10
umls:C0022661,10
umls:C0400966,8
umls:C0243026,10
umls:C0029456,10
umls:C0007222,6
umls:C0376358,7
umls:C0011854,10
umls:C0010068,10
umls:C0010054,10
umls:C0020507,6
umls:C0002395,7
umls:C0085207,3
umls:C0030297,10
umls:C0032914,10
umls:C0029928,10
umls:C0019196,9
umls:C0948089,3
umls:C0007102,7
umls:C0342541,6
umls:C0041341,10
umls:C0042345,7
umls:C0001627,3
umls:C0015944,7
umls:C0022876,6
umls:C0014170,7
umls:C0005684,6
umls:C0014130,7
umls:C0151526,3
umls:C0001418,10
umls:C0008495,6
umls:C0026764,7
umls:C2919032,6
umls:C0024117,7
umls:C0027627,3
umls:C2939420,8
umls:C0699790,10
umls:C0178874,8
umls:C0025149,3
umls:C0004135,7
umls:C0596263,8
umls:C0585442,7
umls:C0029463,7
umls:C0026846,7
umls:C3714619,7
umls:C2939419,4
umls:C0007131,7
umls:C0020456,7
umls:C1516170,7
umls:C1377913,10
umls:C0035412,3
umls:C0001430,4
umls:C0010278,3
umls:C1511291,7
umls:C0020474,6
umls:C0085109,7
umls:C0007113,7
umls:C0277565,10
umls:C0494165,3
umls:C1458156,10
umls:C0812413,6
umls:C0175704,3
umls:C0206686,6
umls:C0235974,7
umls:C0155626,3
umls:C0920420,10
umls:C0019159,6
umls:C0346647,7
umls:C0040100,3
umls:C0342782,7
umls:C0037176,10
umls:C0007124,10
umls:C0085580,8
umls:C0280100,7
umls:C0338656,7
umls:C0679466,3
umls:C0598935,8
umls:C1569637,7
umls:C0856169,7
umls:C1519670,3
umls:C0035372,2
umls:C1968550,2
umls:C1846058,2
umls:C1845336,2
umls:C0036572,2
umls:C0004352,2
umls:C3714756,2
umls:C0162635,2
umls:C0026827,2
umls:C0008073,2
umls:C0034069,2
umls:C0008074,4
umls:C0376634,10
umls:C0033922,2
umls:C0027066,2
umls:C0035229,2
umls:C1968556,2
umls:C0236736,4
umls:C0023186,2
umls:C2748910,2
umls:C2677682,2
umls:C0015934,4
umls:C0007787,2
umls:C0025362,2
umls:C1136249,4
umls:C1535926,2
umls:C0024141,2
umls:C0014544,2
umls:C0025958,2
umls:C1510586,2
umls:C0085584,2
umls:C0004936,2
umls:C0036439,7
umls:C0016658,2
umls:C0024530,2
umls:C0036857,2
umls:C0235820,2
umls:C0006111,7
umls:C0030193,2
umls:C1138434,3
umls:C0424605,2
umls:C0524528,3
umls:C0000768,2
umls:C0235031,2
umls:C1846064,2
umls:C0038273,7
umls:C0751265,2
umls:C0032897,2
umls:C0700095,2
umls:C0027819,7
umls:C0543888,2
umls:C0013080,7
umls:C0018817,7
umls:C0019163,7
umls:C0271091,8
umls:C0004134,10
umls:C0003873,6
umls:C0432072,2
umls:C0032339,2
umls:C1306341,3
umls:C0026838,6
umls:C0026351,2
umls:C0024138,2
umls:C0016667,4
umls:C1841691,6
umls:C0278061,3
umls:C0024131,7
umls:C0035934,4
umls:C0004364,6
umls:C1845055,10
umls:C2931847,2
umls:C1145670,2
umls:C0268301,10
umls:C0699791,10
umls:C0409974,7
umls:C2931498,10
umls:C0344482,2
umls:C0856975,4
umls:C0559260,4
umls:C0026106,3
umls:C0024623,10
umls:C0700208,4
umls:C0035243,6
umls:C3698239,10
umls:C0018418,7
umls:C0008350,9
umls:C0026946,6
umls:C0011633,7
umls:C0239946,3
umls:C0039231,6
umls:C0021051,7
umls:C0011581,7
umls:C0032064,4
umls:C0750197,10
umls:C0038443,10
umls:C0153594,3
umls:C0221056,7
umls:C0340486,7
umls:C0037932,3
umls:C0004930,7
umls:C0231341,10
umls:C0039483,7
umls:C0546256,10
umls:C0034494,10
umls:C0270814,6
umls:C0242723,3
umls:C0812393,7
umls:C0851578,7
umls:C0155552,7
umls:C0014556,7
umls:C0162429,7
umls:C0024143,7
umls:C0037317,3
umls:C0036421,7
umls:C0729582,8
umls:C1800706,10
umls:C0007138,10
umls:C0349251,8
umls:C1858723,10
umls:C1839332,2
umls:C0007130,6
umls:C3713418,2
umls:C0086692,7
umls:C0015923,7
umls:C0392777,7
umls:C0281361,7
umls:C2985290,10
umls:C0011570,7
umls:C3812887,10
umls:C0694550,10
umls:C1709246,10
umls:C0024140,3
umls:C0010674,4
umls:C0403814,7
umls:C0238339,7
umls:C0030305,7
umls:C0149521,7
umls:C0021364,3
umls:C0004509,6
umls:C0037199,6
umls:C0035455,4
umls:C0019284,4
umls:C0236969,3
umls:C2749757,8
umls:C0008370,3
umls:C0013295,8
umls:C0151744,4
umls:C0085548,7
umls:C0024115,8
umls:C0267963,7
umls:C0008313,7
umls:C0028960,8
umls:C0033817,7
umls:C0376670,8
umls:C3714514,4
umls:C0006267,6
umls:C0027430,8
umls:C0042063,8
umls:C2825055,8
umls:C0030286,4
umls:C0036868,8
umls:C0085413,8
umls:C0021390,8
umls:C0041466,8
umls:C0017178,4
umls:C0341471,8
umls:C0747198,7
umls:C0004623,8
umls:C0010346,3
umls:C1258215,2
umls:C0038238,8
umls:C0950123,8
umls:C0018273,6
umls:C0266270,8
umls:C0030293,8
umls:C0010709,8
umls:C0036202,8
umls:C0876973,8
umls:C2936423,8
umls:C0221002,8
umls:C0001339,4
umls:C0022521,8
umls:C0035242,7
umls:C0085129,7
umls:C0010417,10
umls:C0566602,7
umls:C0003130,4
umls:C0341439,4
umls:C0009373,7
umls:C0278996,8
umls:C0020523,6
umls:C3714509,3
umls:C0024959,8
umls:C0403823,7
umls:C0026918,7
umls:C0022735,7
umls:C0020517,7
umls:C0021361,6
umls:C0023892,7
umls:C0000772,7
umls:C0342257,6
umls:C0282677,3
umls:C0423772,10
umls:C0036205,7
umls:C0030469,7
umls:C0015929,7
umls:C0038160,7
umls:C0021933,8
umls:C0008087,8
umls:C0033677,8
umls:C0016169,8
umls:C0011334,8
umls:C2936858,4
umls:C0270246,8
umls:C2939175,8
umls:C0546982,8
umls:C0854135,8
umls:C0032285,4
umls:C0011991,4
umls:C0008677,2
umls:C0149516,8
umls:C0004031,8
umls:C0266444,8
umls:C0267937,7
umls:C0392164,7
umls:C0022680,6
umls:C0375023,2
umls:C0746102,8
umls:C0011175,4
umls:C0008354,8
umls:C0037090,7
umls:C0006277,2
umls:C0600260,4
umls:C0015230,3
umls:C0266292,8
umls:C1567435,8
umls:C0699949,8
umls:C0001486,8
umls:C0542519,8
umls:C0267557,8
umls:C0024523,8
umls:C1527396,8
umls:C1609433,6
umls:C0021400,4
umls:C1335302,3
umls:C0151317,6
umls:C0162565,8
umls:C0220983,10
umls:C0012242,8
umls:C0267792,8
umls:C0264408,2
umls:C0035235,2
umls:C0034067,2
umls:C0221376,8
umls:C0007847,7
umls:C0729353,8
umls:C0340238,8
umls:C0339985,8
umls:C0022568,8
umls:C0848332,3
umls:C0302592,2
umls:C0021831,3
umls:C0810032,8
umls:C0019693,7
umls:C2609129,6
umls:C0332910,8
umls:C1851945,8
umls:C0008311,4
umls:C0002793,3
umls:C0346648,8
umls:C0426576,8
umls:C1842402,7
umls:C0025218,10
umls:C0854076,7
umls:C0332853,10
umls:C2733595,9
umls:C3496054,10
umls:C0032584,7
umls:C1265792,7
umls:C2350344,8
umls:C1301752,7
umls:C3539909,7
umls:C1290884,3
umls:C0398349,7
umls:C0026229,7
umls:C0020437,10
umls:C0009080,10
umls:C0086942,6
umls:C2936781,8
umls:C0085096,2
umls:C2718001,7
umls:C0334299,3
umls:C0442893,6
umls:C0694549,5
umls:C0919628,8
umls:C0026916,6
umls:C0033774,7
umls:C0162309,2
umls:C0015403,10
umls:C1559072,10
umls:C0014175,10
umls:C2931038,8
umls:C0149725,6
umls:C1302773,2
umls:C0678236,6
umls:C0030389,10
umls:C1857231,4
umls:C0149651,8
umls:C1384582,7
umls:C0025268,6
umls:C0007095,10
umls:C0206698,6
umls:C2931404,7
umls:C0267662,4
umls:C0520933,10
umls:C0022336,6
umls:C0009450,10
umls:C0699885,10
umls:C0008312,2
umls:C0023976,3
umls:C0034063,7
umls:C0023015,6
umls:C0035204,7
umls:C0268181,10
umls:C0860006,8
umls:C0546817,10
umls:C0026847,7
umls:C0017495,10
umls:C0206042,10
umls:C0162534,6
umls:C0038356,3
umls:C0027540,4
umls:C0751778,10
umls:C1864112,10
umls:C0017661,7
umls:C0036457,9
umls:C1847650,10
umls:C0027659,6
umls:C0497327,10
umls:C1852467,10
umls:C0524851,10
umls:C2931859,10
umls:C0376329,10
umls:C0751254,10
umls:C2936349,10
umls:C0011265,10
umls:C0333463,10
umls:C0036429,10
umls:C0282513,8
umls:C0011269,4
umls:C0026769,10
umls:C0022802,10
umls:C0030567,10
umls:C0002736,10
umls:C0002726,10
umls:C0020179,10
umls:C1135993,10
umls:C0007786,3
umls:C0017639,4
umls:C0030660,10
umls:C0005586,10
umls:C0733942,7
umls:C0233794,10
umls:C0085400,2
umls:C0917801,10
umls:C0743039,10
umls:C0026848,7
umls:C0037771,7
umls:C0338451,2
umls:C0234366,10
umls:C0085220,7
umls:C0236642,2
umls:C0751713,6
umls:C1842937,6
umls:C0262404,8
umls:C0949664,2
umls:C2931022,10
umls:C1853926,10
umls:C0442874,3
umls:C0233401,8
umls:C1861735,10
umls:C0333519,10
umls:C0007758,2
umls:C1510489,8
umls:C0740340,6
umls:C0751071,7
umls:C2220255,2
umls:C0276496,6
umls:C2349757,10
umls:C0393571,4
umls:C0275522,10
umls:C0017638,10
umls:C0008479,2
umls:C0037019,10
umls:C1285162,7
umls:C1857941,3
umls:C0009946,10
umls:C0677660,4
umls:C0013336,10
umls:C0039614,6
umls:C0035304,6
umls:C0033975,4
umls:C3711376,6
umls:C0751781,6
umls:C0751837,8
umls:C0679247,7
umls:C0267971,7
umls:C0022116,2
umls:C0024790,7
umls:C0349204,4
umls:C0013363,10
umls:C0238190,6
umls:C0009241,6
umls:C0741975,10
umls:C0270911,2
umls:C0410226,8
umls:C1145628,10
umls:C0752347,7
umls:C0038644,6
umls:C0027888,2
umls:C0392699,8
umls:C0027126,8
umls:C0426980,7
umls:C0240066,3
umls:C0235946,4
umls:C0751758,10
umls:C2733158,6
umls:C0031069,6
umls:C0752125,2
umls:C0043528,10
umls:C2062593,8
umls:C0751956,10
umls:C0393911,7
umls:C0342538,8
umls:C0751494,7
umls:C0262424,10
umls:C0020258,6
umls:C0270922,6
umls:C0024408,6
umls:C0520789,10
umls:C1867773,10
umls:C0087012,10
umls:C0012546,6
umls:C0442886,6
umls:C0035334,3
umls:C0149931,3
umls:C2936486,10
umls:C0795859,10
umls:C0038454,6
umls:C0549469,10
umls:C0019187,5
umls:C0042769,3
umls:C0079772,7
umls:C0751645,10
umls:C0349081,10
umls:C0424101,7
umls:C0205710,3
umls:C0555198,10
umls:C1839780,3
umls:C0085215,4
umls:C2749127,10
umls:C0282631,10
umls:C0018051,10
umls:C0040822,2
umls:C0025322,10
umls:C0154208,10
umls:C0041408,3
umls:C0747102,10
umls:C0007760,6
umls:C0270736,3
umls:C0751156,10
umls:C0234376,10
umls:C0037952,10
umls:C1401084,10
umls:C3839507,10
umls:C1263023,10
umls:C3494522,10
umls:C0432482,3
umls:C0016053,6
umls:C0424166,10
umls:C0233514,10
umls:C3825158,10
umls:C0002453,7
umls:C0751157,7
umls:C1848140,6
umls:C0743101,3
umls:C0026705,3
umls:C0233397,10
umls:C0596131,10
umls:C0008626,6
umls:C0266617,7
umls:C0262405,10
umls:C0476236,10
umls:C0687131,7
umls:C0031572,4
umls:C0376415,10
umls:C1737329,2
umls:C0004444,3
umls:C0020676,7
umls:C0796126,10
umls:C3543433,7
umls:C0476254,8
umls:C0016719,7
umls:C0598766,2
umls:C0023012,10
umls:C0683322,10
umls:C2748208,2
umls:C1801950,7
umls:C1275957,6
umls:C0525045,6
umls:C0232940,7
umls:C0752120,6
umls:C1739395,6
umls:C0342527,10
umls:C0432474,3
umls:C0338908,10
umls:C3539878,10
umls:C0004138,7
umls:C1839259,10
umls:C0037315,7
umls:C0153676,7
umls:C3714789,4
umls:C0233565,10
umls:C0376545,6
umls:C0238198,2
umls:C0080024,8
umls:C0023467,10
umls:C0221013,8
umls:C0149925,10
umls:C0027643,10
umls:C1336708,8
umls:C0684337,8
umls:C0023461,8
umls:C0024899,4
umls:C0024668,7
umls:C0042111,8
umls:C0023470,10
umls:C1261473,10
umls:C0036631,2
umls:C0037286,6
umls:C0007134,3
umls:C0027658,8
umls:C0023473,10
umls:C0007129,8
umls:C0026986,10
umls:C0027831,6
umls:C0206695,8
umls:C0262584,8
umls:C0206727,8
umls:C0162834,10
umls:C0010606,7
umls:C0242596,10
umls:C0010701,8
umls:C0206651,6
umls:C0039101,7
umls:C0205969,8
umls:C3839741,8
umls:C0032463,4
umls:C0001815,8
umls:C0879615,8
umls:C0205851,8
umls:C1882062,10
umls:C0023269,7
umls:C0206660,8
umls:C0042900,4
umls:C1322286,8
umls:C0278883,7
umls:C0206726,2
umls:C0334664,8
umls:C0079731,6
umls:C0025500,9
umls:C0017658,4
umls:C0027149,3
umls:C0040136,6
umls:C0040128,4
umls:C0685938,8
umls:C0027645,8
umls:C0729262,3
umls:C0037999,8
umls:C0023487,10
umls:C1858592,8
umls:C0220621,8
umls:C0023449,10
umls:C0027809,7
umls:C0042133,8
umls:C0023267,7
umls:C0085669,2
umls:C0272203,8
umls:C0206658,7
umls:C0027022,4
umls:C0206754,6
umls:C0018923,2
umls:C1961102,10
umls:C0686619,6
umls:C1333768,8
umls:C0175754,8
umls:C0206633,6
umls:C0024897,8
umls:C0041107,7
umls:C1112486,8
umls:C0949541,8
umls:C0521158,7
umls:C0162835,8
umls:C1266042,8
umls:C1334699,8
umls:C1275345,10
umls:C0346421,8
umls:C0206180,8
umls:C0023440,7
umls:C0220633,2
umls:C0206630,6
umls:C1265996,8
umls:C0027830,7
umls:C1335996,8
umls:C1306759,8
umls:C1840451,2
umls:C0346185,8
umls:C1636667,4
umls:C1336052,8
umls:C1136033,8
umls:C0013377,3
umls:C0027708,7
umls:C0312414,8
umls:C0014457,2
umls:C0002874,10
umls:C1333500,8
umls:C0151779,10
umls:C0340970,3
umls:C0008487,6
umls:C0002871,6
umls:C0026010,2
umls:C0334121,6
umls:C0677936,2
umls:C0205697,10
umls:C0011168,10
umls:C0079218,6
umls:C0026499,8
umls:C0392784,3
umls:C0007140,7
umls:C0854917,4
umls:C0162678,7
umls:C0035335,10
umls:C0006118,7
umls:C0206141,8
umls:C1402294,6
umls:C3266898,7
umls:C1266158,8
umls:C0206663,6
umls:C2931852,9
umls:C0005699,7
umls:C0238463,6
umls:C0553580,7
umls:C1853118,3
umls:C0238461,6
umls:C0026987,2
umls:C0002893,5
umls:C0026998,8
umls:C1847835,10
umls:C0376544,7
umls:C1520166,7
umls:C1336082,8
umls:C0679408,8
umls:C1368683,2
umls:C0242363,7
umls:C0033027,6
umls:C0031511,10
umls:C1378703,10
umls:C0346255,9
umls:C0854912,8
umls:C0241961,4
umls:C1334781,3
umls:C0079773,6
umls:C0346037,10
umls:C0206629,2
umls:C0432412,2
umls:C0280630,3
umls:C0220603,7
umls:C0036221,10
umls:C0023798,2
umls:C0600066,8
umls:C1883018,6
umls:C1456781,7
umls:C0026985,8
umls:C1704272,3
umls:C1292769,2
umls:C0032580,7
umls:C0037579,7
umls:C0567439,7
umls:C1519346,7
umls:C0001206,6
umls:C0021841,2
umls:C0040137,6
umls:C0178650,8
umls:C2698045,2
umls:C0279980,8
umls:C0026470,8
umls:C0206728,10
umls:C3463824,8
umls:C1292762,10
umls:C0263662,8
umls:C0279592,4
umls:C0206635,4
umls:C0206694,7
umls:C0346379,10
umls:C1292778,2
umls:C3472616,8
umls:C0334432,10
umls:C0740457,4
umls:C1961099,6
umls:C1519214,6
umls:C0026896,3
umls:C2004576,8
umls:C0558356,6
umls:C0279709,8
umls:C0002894,10
umls:C0751690,10
umls:C0027962,4
umls:C1334363,10
umls:C1335473,10
umls:C0032131,2
umls:C0019209,10
umls:C0238114,10
umls:C3714644,7
umls:C0375071,7
umls:C1834741,10
umls:C0334579,8
umls:C0024301,7
umls:C1335729,3
umls:C3263719,10
umls:C0267771,8
umls:C1378050,10
umls:C0024314,4
umls:C0265490,6
umls:C0343115,8
umls:C0278727,7
umls:C1704273,6
umls:C0206623,4
umls:C0206650,10
umls:C0206659,2
umls:C0153687,8
umls:C2827362,3
umls:C1332986,10
umls:C0007133,6
umls:C1540912,10
umls:C0750974,10
umls:C0334583,10
umls:C3179349,10
umls:C0206634,2
umls:C0032000,3
umls:C1851585,10
umls:C1510502,6
umls:C1266157,3
umls:C0206687,7
umls:C0039590,2
umls:C1847319,8
umls:C0279702,10
umls:C0740345,2
umls:C0948750,10
umls:C0014866,7
umls:C0751606,7
umls:C0175969,3
umls:C0004114,10
umls:C0039984,10
umls:C0020615,5
umls:C0043346,8
umls:C3665593,10
umls:C0206628,10
umls:C0027960,3
umls:C0017525,8
umls:C0279751,7
umls:C1704327,8
umls:C0023480,2
umls:C1136085,7
umls:C1333993,10
umls:C1710096,4
umls:C0039538,10
umls:C0028259,8
umls:C0025063,9
umls:C0206769,4
umls:C0153690,3
umls:C0001824,7
umls:C0855197,7
umls:C0156369,10
umls:C0206062,4
umls:C1516669,4
umls:C0014474,6
umls:C1959632,6
umls:C0030354,10
umls:C0206646,2
umls:C0334520,2
umls:C1531608,7
umls:C0677055,4
umls:C1704376,7
umls:C0346373,10
umls:C0206182,6
umls:C1541333,8
umls:C0334590,3
umls:C0016048,6
umls:C0080032,2
umls:C1851347,6
umls:C0003872,6
umls:C0004943,6
umls:C0038013,6
umls:C0034152,6
umls:C0003864,6
umls:C3495559,4
umls:C0006309,7
umls:C0015967,7
umls:C0009324,4
umls:C0242966,5
umls:C0027051,9
umls:C0010340,7
umls:C0038363,2
umls:C0424755,7
umls:C0042384,6
umls:C0751422,8
umls:C0268382,6
umls:C0000727,6
umls:C0398691,6
umls:C0027341,6
umls:C0009319,6
umls:C0034150,6
umls:C0031350,6
umls:C0001925,10
umls:C0022104,2
umls:C0024205,7
umls:C0013604,4
umls:C0039082,2
umls:C0000737,6
umls:C0027404,7
umls:C1275126,5
umls:C0015974,6
umls:C0221014,6
umls:C2316212,7
umls:C3536715,6
umls:C0409818,6
umls:C0035435,5
umls:C1858361,6
umls:C3714757,6
umls:C0035021,6
umls:C0151859,6
umls:C0268390,6
umls:C0085574,6
umls:C0008031,10
umls:C1282952,6
umls:C0003615,7
umls:C0027121,10
umls:C0029408,7
umls:C0032231,6
umls:C1561643,10
umls:C0268380,6
umls:C0410000,8
umls:C0041956,2
umls:C0036690,6
umls:C0018021,7
umls:C0751967,8
umls:C0343068,6
umls:C0026837,2
umls:C3714772,10
umls:C0033300,6
umls:C2936904,10
umls:C0031036,3
umls:C0003869,5
umls:C0003874,3
umls:C0276680,7
umls:C0403447,10
umls:C0392788,8
umls:C0016057,2
umls:C0042029,4
umls:C0521173,7
umls:C0281479,6
umls:C0085652,4
umls:C0553694,4
umls:C1692887,6
umls:C2316810,2
umls:C0002986,6
umls:C0042109,7
umls:C0231528,6
umls:C1692886,10
umls:C1253936,6
umls:C0497354,3
umls:C0333056,6
umls:C0949691,7
umls:C0277562,6
umls:C0267809,4
umls:C0038395,5
umls:C1142166,6
umls:C1879286,6
umls:C1859062,6
umls:C1837845,6
umls:C1832680,6
umls:C0004238,6
umls:C0040479,6
umls:C0042514,6
umls:C0340493,6
umls:C0085298,6
umls:C0042510,6
umls:C2931401,6
umls:C0007193,6
umls:C1838539,6
umls:C2751898,6
umls:C3151464,6
umls:C1141890,6
umls:C0037052,4
umls:C2732979,6
umls:C2748542,6
umls:C1861983,6
umls:C1963067,6
umls:C1861984,6
umls:C1838527,6
umls:C0003811,6
umls:C0018801,6
umls:C0522055,6
umls:C0011071,7
umls:C0013798,6
umls:C0018799,7
umls:C1720983,6
umls:C0232197,6
umls:C0004245,6
umls:C0039070,6
umls:C0878544,4
umls:C0149721,6
umls:C0018802,6
umls:C0018800,7
umls:C0428977,4
umls:C0039239,8
umls:C0036974,4
umls:C1821417,8
umls:C0429087,7
umls:C0376297,7
umls:C0338480,6
umls:C0040336,6
umls:C0151636,10
umls:C0268446,2
umls:C0741923,6
umls:C0428908,8
umls:C0685108,6
umls:C0018790,5
umls:C0349788,7
umls:C2930805,6
umls:C0340491,6
umls:C0085615,6
umls:C0432306,2
umls:C0079035,6
umls:C0748694,6
umls:C1631597,4
umls:C1397307,3
umls:C3698186,6
umls:C0340427,10
umls:C1955837,6
umls:C0340489,7
umls:C0344431,6
umls:C0751534,8
umls:C0085648,3
umls:C0001127,10
umls:C0278488,10
umls:C0009806,4
umls:C1828221,8
umls:C1563715,6
umls:C1833661,10
umls:C0340850,6
umls:C0023211,4
umls:C0221047,6
umls:C0743841,10
umls:C3274789,10
umls:C1960469,7
umls:C0018794,3
umls:C2063326,8
umls:C0277558,6
umls:C1258666,2
umls:C0235480,3
umls:C0005859,6
umls:C0221055,6
umls:C0013264,7
umls:C3714570,7
umls:C0917713,7
umls:C0038220,4
umls:C0026850,7
umls:C0206656,7
umls:C0242973,5
umls:C0006663,7
umls:C0027626,7
umls:C0026851,7
umls:C1527311,7
umls:C3542021,7
umls:C3668940,7
umls:C0027868,7
umls:C0686353,6
umls:C0234958,7
umls:C0030552,7
umls:C0151786,4
umls:C0521170,7
umls:C0238288,4
umls:C0699743,6
umls:C0020564,4
umls:C0023434,7
umls:C0700327,7
umls:C0005956,6
umls:C0518014,6
umls:C0242698,7
umls:C0410174,7
umls:C3714552,7
umls:C0220766,4
umls:C1449563,7
umls:C0456702,7
umls:C0029434,6
umls:C1852502,7
umls:C2936331,7
umls:C0410158,7
umls:C0268542,7
umls:C0009917,10
umls:C0026821,6
umls:C0085655,5
umls:C1533847,7
umls:C0349782,7
umls:C0018203,3
umls:C0410173,7
umls:C0877009,7
umls:C1834674,10
umls:C0270960,7
umls:C0599766,4
umls:C0339528,7
umls:C0852654,4
umls:C0268418,7
umls:C0410165,7
umls:C0729233,8
umls:C1868675,2
umls:C0175709,7
umls:C0268505,3
umls:C2931687,6
umls:C0410179,10
umls:C0014378,6
umls:C1848172,10
umls:C0231748,9
umls:C0009691,7
umls:C0340434,7
umls:C0410214,8
umls:C0242526,2
umls:C0158447,6
umls:C0587246,10
umls:C0036529,10
umls:C0410538,10
umls:C1840264,2
umls:C0686377,6
umls:C0265673,10
umls:C0085084,9
umls:C0022821,10
umls:C0029464,10
umls:C0342345,4
umls:C0162283,6
umls:C1511789,10
umls:C2930900,7
umls:C0239337,8
umls:C0268450,6
umls:C0268615,7
umls:C0007570,5
umls:C0266273,6
umls:C0017547,7
umls:C0334606,8
umls:C0152439,6
umls:C1851710,7
umls:C0016952,3
umls:C0392400,7
umls:C0001787,6
umls:C0333307,10
umls:C0015397,4
umls:C0268151,10
umls:C0574083,3
umls:C0155686,6
umls:C2678065,6
umls:C0033626,7
umls:C1689817,10
umls:C0029458,5
umls:C1837249,7
umls:C0024591,2
umls:C1270972,6
umls:C0343057,7
umls:C0398568,9
umls:C0948775,7
umls:C0024796,1
umls:C1861456,1
umls:C3541518,1
umls:C0265287,1
umls:C1858556,1
umls:C3280054,1
umls:C1869115,1
umls:C0013581,1
umls:C0162872,1
umls:C0265313,1
umls:C0003496,1
umls:C0003706,1
umls:C1321551,1
umls:C1851286,1
umls:C0160390,1
umls:C1851718,10
umls:C1866983,1
umls:C0009782,1
umls:C0026267,1
umls:C0011644,1
umls:C0019880,1
umls:C0039685,10
umls:C3178782,1
umls:C0003486,2
umls:C0017601,4
umls:C0023316,1
umls:C0019555,1
umls:C0017612,5
umls:C0410787,1
umls:C0005911,6
umls:C0012359,6
umls:C0003507,8
umls:C0206368,6
umls:C0220668,1
umls:C0003493,6
umls:C1812607,1
umls:C2697932,10
umls:C0340643,1
umls:C3489726,10
umls:C0023787,7
umls:C0221032,7
umls:C0002940,2
umls:C0265004,1
umls:C0340629,1
umls:C0243050,2
umls:C0031099,8
umls:C0221357,6
umls:C0152459,10
umls:C0003499,4
umls:C0033377,4
umls:C0600033,1
umls:C0575158,1
umls:C0345392,1
umls:C0268365,1
umls:C0265385,6
umls:C0241165,1
umls:C2746069,1
umls:C0345050,1
umls:C0027092,6
umls:C0042025,7
umls:C0595936,8
umls:C0238669,1
umls:C0406586,1
umls:C0856747,10
umls:C0026266,7
umls:C1299432,10
umls:C0042373,7
umls:C0549473,10
umls:C0677932,7
umls:C3539781,7
umls:C0011206,6
umls:C0410702,7
umls:C0206682,6
umls:C0014118,4
umls:C0043194,7
umls:C0033999,6
umls:C0265227,2
umls:C1836635,10
umls:C0026265,8
umls:C0013720,3
umls:C0687720,4
umls:C0020541,4
umls:C0011848,4
umls:C0020649,4
umls:C0032617,4
umls:C0020625,4
umls:C0002962,4
umls:C2609414,10
umls:C0017181,4
umls:C0002622,4
umls:C0025261,4
umls:C0013390,4
umls:C0029944,10
umls:C0021141,4
umls:C0038587,4
umls:C0009952,6
umls:C1563705,3
umls:C0677501,3
umls:C0271592,4
umls:C0342394,4
umls:C0026771,4
umls:C0001623,4
umls:C0025281,10
umls:C0030319,2
umls:C0085602,6
umls:C1845202,3
umls:C0023896,4
umls:C0546837,7
umls:C0232826,6
umls:C0023891,1
umls:C1623038,1
umls:C0014859,7
umls:C0279626,7
umls:C1542327,4
umls:C1857451,7
umls:C0395005,4
umls:C0152018,7
umls:C0020488,4
umls:C0935572,6
umls:C0001956,7
umls:C0013170,6
umls:C0220810,10
umls:C0268225,2
umls:C0008679,7
umls:C0153381,10
umls:C3272363,8
umls:C0948008,10
umls:C0312420,7
umls:C1333620,10
umls:C2828000,4
umls:C1384514,6
umls:C1510472,7
umls:C0003431,4
umls:C0683278,7
umls:C0013415,6
umls:C0038580,6
umls:C0268007,4
umls:C1332347,2
umls:C0016382,5
umls:C0595989,5
umls:C0748168,7
umls:C0042974,7
umls:C0271682,6
umls:C0853879,10
umls:C0857122,10
umls:C0206667,7
umls:C0752098,3
umls:C0085762,8
umls:C0220641,2
umls:C0154409,7
umls:C0007107,7
umls:C0033038,7
umls:C2751536,7
umls:C2931672,7
umls:C0600467,7
umls:C0027746,4
umls:C0037928,7
umls:C0522224,10
umls:C1863052,7
umls:C1863053,7
umls:C1847200,7
umls:C2937358,4
umls:C0011065,7
umls:C0162871,7
umls:C0014038,7
umls:C0206245,7
umls:C0270611,4
umls:C0009405,1
umls:C0149654,2
umls:C0041671,2
umls:C0029121,7
umls:C0750901,7
umls:C0037773,6
umls:C0268394,7
umls:C0494463,2
umls:C0751295,8
umls:C1862939,5
umls:C0268393,7
umls:C1832200,2
umls:C0543822,2
umls:C1260883,8
umls:C0011268,8
umls:C0749263,7
umls:C0236848,7
umls:C0031485,4
umls:C0020550,9
umls:C0004610,10
umls:C0011263,6
umls:C0085409,5
umls:C0266929,1
umls:C0266006,10
umls:C0751633,3
umls:C0018553,7
umls:C1318485,6
umls:C0152031,7
umls:C0033860,10
umls:C0086543,7
umls:C0205858,2
umls:C0017563,4
umls:C0015672,10
umls:C0035078,10
umls:C0019348,4
umls:C0026654,4
umls:C0241910,4
umls:C0333205,8
umls:C0086439,6
umls:C0031090,7
umls:C0342776,3
umls:C0751434,3
umls:C1849156,5
umls:C0029401,7
umls:C3711370,4
umls:C0265101,10
umls:C0751072,2
umls:C0018681,4
umls:C0149623,10
umls:C3658299,3
umls:C1266050,4
umls:C2931384,5
umls:C0525041,4
umls:C0271160,7
umls:C0268800,6
umls:C0009714,10
umls:C0022658,4
umls:C0442872,10
umls:C0267834,7
umls:C0431716,10
umls:C0267818,10
umls:C0028326,6
umls:C0349639,2
umls:C0410530,6
umls:C1275081,6
umls:C0587248,6
umls:C0014084,6
umls:C0029423,6
umls:C0015306,6
umls:C0041409,6
umls:C0017154,5
umls:C0034089,6
umls:C0011311,6
umls:C0018798,10
umls:C0011053,4
umls:C0007194,4
umls:C1959635,6
umls:C1176475,7
umls:C0019080,4
umls:C0333641,1
umls:C0015927,4
umls:C0221263,7
umls:C1261287,8
umls:C0027662,6
umls:C0597735,6
umls:C0023448,10
umls:C0018772,7
umls:C0001403,6
umls:C0003910,6
umls:C0013575,4
umls:C0037268,7
umls:C1384666,7
umls:C0024236,6
umls:C0030920,4
umls:C0013388,6
umls:C0079487,3
umls:C1956257,6
umls:C0152021,6
umls:C1096184,6
umls:C0374997,6
umls:C0276275,6
umls:C2931482,8
umls:C1328931,6
umls:C1834120,6
umls:C0014057,9
umls:C0018784,7
umls:C0085167,7
umls:C0741916,8
umls:C0008029,7
umls:C0043395,4
umls:C1264606,6
umls:C0275524,5
umls:C0014061,4
umls:C0023465,10
umls:C0795693,4
umls:C0280321,8
umls:C0022595,7
umls:C0239894,10
umls:C0333186,4
umls:C0376300,6
umls:C0278694,10
umls:C0015302,6
umls:C0018818,7
umls:C1134719,7
umls:C0344772,6
umls:C0265509,4
umls:C0206620,3
umls:C0013370,5
umls:C1864997,10
umls:C1559271,10
umls:C0013274,4
umls:C0265962,7
umls:C1292780,10
umls:C3714844,7
umls:C0005779,8
umls:C0024454,10
umls:C1704356,8
umls:C0410422,10
umls:C0442867,3
umls:C0085273,3
umls:C0220615,7
umls:C2939461,8
umls:C1621958,5
umls:C1321546,8
umls:C2973725,7
umls:C2939192,6
umls:C0152171,7
umls:C0038354,4
umls:C1332977,4
umls:C0007762,6
umls:C1336735,8
umls:C0023452,7
umls:C0019829,9
umls:C0079774,6
umls:C0005695,6
umls:C0033054,7
umls:C2363142,7
umls:C0334634,7
umls:C0346153,7
umls:C1859616,10
umls:C1876175,10
umls:C0027672,10
umls:C0024305,10
umls:C0025286,10
umls:C0398791,10
umls:C0015625,7
umls:C0039446,6
umls:C0023494,10
umls:C0079744,7
umls:C0023532,6
umls:C0432408,6
umls:C0887833,4
umls:C0206063,10
umls:C0025284,6
umls:C0597532,7
umls:C0027666,10
umls:C0034530,4
umls:C0024667,2
umls:C1336076,7
umls:C3469521,10
umls:C0281267,7
umls:C1096616,7
umls:C0005283,6
umls:C3828416,2
umls:C0001624,6
umls:C2931822,7
umls:C0023492,3
umls:C0677776,8
umls:C1858391,7
umls:C0022660,7
umls:C3714636,3
umls:C0079745,5
umls:C0152013,7
umls:C0042580,1
umls:C0017152,5
umls:C0220644,8
umls:C0393525,2
umls:C0242647,4
umls:C0039730,7
umls:C0030312,6
umls:C1719495,5
umls:C0023493,4
umls:C0559758,7
umls:C0268135,8
umls:C0265202,10
umls:C0264490,2
umls:C0867389,5
umls:C3825373,7
umls:C1337013,6
umls:C0393602,7
umls:C0033246,7
umls:C0242621,6
umls:C0730364,8
umls:C0585362,7
umls:C0409702,6
umls:C0017574,2
umls:C0524910,5
umls:C0280785,8
umls:C0205647,6
umls:C0037889,6
umls:C0339143,7
umls:C0023531,6
umls:C1336745,2
umls:C0039445,3
umls:C1709781,8
umls:C0598798,1
umls:C0854778,2
umls:C1332225,2
umls:C0940937,10
umls:C1334170,10
umls:C0004277,2
umls:C0282527,2
umls:C0280232,4
umls:C0149678,1
umls:C0023486,3
umls:C1279296,3
umls:C0007115,6
umls:C0272170,10
umls:C0949804,6
umls:C3711387,8
umls:C1367654,7
umls:C1333990,6
umls:C0085110,10
umls:C0020545,4
umls:C2004493,2
umls:C0205696,8
umls:C1859598,4
umls:C0007120,7
umls:C0740380,10
umls:C0271073,10
umls:C0730345,7
umls:C0917798,10
umls:C0238506,7
umls:C0085281,2
umls:C0085390,4
umls:C0878500,8
umls:C0154832,3
umls:C1847540,7
umls:C0740279,10
umls:C1266184,7
umls:C0280280,6
umls:C0152105,7
umls:C0079746,1
umls:C0153633,10
umls:C3249875,6
umls:C0948380,10
umls:C0221228,2
umls:C0521607,7
umls:C0206708,5
umls:C1559154,6
umls:C0393610,6
umls:C0743496,10
umls:C0153405,7
umls:C1710547,10
umls:C0206693,6
umls:C3826044,7
umls:C0019069,5
umls:C1851920,6
umls:C2674218,10
umls:C0007785,10
umls:C0155616,9
umls:C1514422,4
umls:C0747548,7
umls:C0025267,6
umls:C1840402,6
umls:C0017150,2
umls:C0021670,6
umls:C0017689,6
umls:C0011993,6
umls:C0280089,6
umls:C0033375,1
umls:C0020502,6
umls:C0032019,4
umls:C0030521,6
umls:C0262587,6
umls:C1864729,6
umls:C0014132,6
umls:C0221406,4
umls:C0346300,6
umls:C1333600,8
umls:C0406810,6
umls:C0687150,6
umls:C0271846,6
umls:C0271844,6
umls:C0020428,6
umls:C0043515,6
umls:C0242788,10
umls:C0001622,3
umls:C0023343,2
umls:C1556133,6
umls:C1704981,6
umls:C1336746,4
umls:C3489413,6
umls:C0242292,7
umls:C0206731,4
umls:C0260037,6
umls:C0151514,6
umls:C2676191,6
umls:C0342637,4
umls:C0153653,6
umls:C0024586,7
umls:C1955745,6
umls:C0020503,4
umls:C0349529,6
umls:C0010481,4
umls:C0019562,6
umls:C0238462,6
umls:C0030421,8
umls:C0342492,4
umls:C0205822,6
umls:C0342494,4
umls:C0265319,6
umls:C0023321,3
umls:C0027671,6
umls:C3489630,6
umls:C1863340,6
umls:C1621895,4
umls:C2931039,6
umls:C1368066,6
umls:C1266032,3
umls:C0346308,10
umls:C2931642,3
umls:C0750887,4
umls:C0346306,6
umls:C0598853,10
umls:C1266029,4
umls:C1881600,10
umls:C0280788,2
umls:C0451641,8
umls:C0277552,2
umls:C0281784,6
umls:C0023801,7
umls:C0745106,6
umls:C0271858,10
umls:C0030517,6
umls:C1333963,6
umls:C0005940,4
umls:C1298180,8
umls:C0085136,7
umls:C0020619,4
umls:C0206307,7
umls:C0023520,6
umls:C0233523,7
umls:C0016037,4
umls:C0149676,7
umls:C0154671,6
umls:C3542499,8
umls:C3532239,6
umls:C0947622,6
umls:C0220994,10
umls:C0035126,10
umls:C0019188,10
umls:C0036982,5
umls:C0001122,10
umls:C0023893,4
umls:C0154246,10
umls:C0268128,7
umls:C0025521,10
umls:C0268130,7
umls:C0175683,3
umls:C0028077,3
umls:C0268601,7
umls:C0747845,4
umls:C1845667,6
umls:C0008533,7
umls:C0265216,6
umls:C0750325,7
umls:C3711543,3
umls:C0751753,3
umls:C0010324,7
umls:C0026709,4
umls:C0026703,3
umls:C0085078,7
umls:C1271104,10
umls:C0086651,7
umls:C0162298,7
umls:C0741933,10
umls:C0079153,10
umls:C1833030,10
umls:C1843463,10
umls:C1721006,10
umls:C1840296,10
umls:C2931122,10
umls:C2931123,10
umls:C1862005,10
umls:C0343110,10
umls:C0022596,8
umls:C0870082,2
umls:C0011606,6
umls:C0263580,10
umls:C0022579,7
umls:C0079298,7
umls:C0022584,10
umls:C0037277,7
umls:C0037274,7
umls:C0265334,10
umls:C1838440,7
umls:C0334082,6
umls:C0432316,7
umls:C0521707,5
umls:C0751951,4
umls:C1850674,2
umls:C0546264,2
umls:C0270962,2
umls:C0752282,2
umls:C2930980,2
umls:C1840365,2
umls:C2674259,2
umls:C0206157,6
umls:C0029089,2
umls:C0035410,10
umls:C2748971,2
umls:C0278134,2
umls:C0162292,2
umls:C0027849,4
umls:C0238358,2
umls:C0022972,5
umls:C1855126,4
umls:C2267233,7
umls:C0750403,6
umls:C0038525,10
umls:C0264162,2
umls:C0343239,2
umls:C0085623,3
umls:C0030443,9
umls:C1279412,9
umls:C0263992,9
umls:C0340485,4
umls:C0265110,6
umls:C0270971,10
umls:C0751401,3
umls:C0007965,6
umls:C0032197,6
umls:C0024291,4
umls:C0549463,6
umls:C0040261,6
umls:C0079504,10
umls:C0078918,7
umls:C1609432,2
umls:C0018524,6
umls:C0265223,6
umls:C0078917,7
umls:C0741250,10
umls:C1834235,8
umls:C0553586,8
umls:C0023827,8
umls:C0027832,8
umls:C0005941,7
umls:C0011351,8
umls:C0033785,8
umls:C0002170,10
umls:C0346326,8
umls:C0027766,6
umls:C0265316,8
umls:C0432360,10
umls:C0206729,6
umls:C0027859,6
umls:C0018213,4
umls:C0796418,8
umls:C0851265,8
umls:C0017653,8
umls:C0162531,10
umls:C0031118,8
umls:C1969623,10
umls:C0001618,6
umls:C0751689,8
umls:C0259779,7
umls:C1709220,8
umls:C2930820,8
umls:C1518171,6
umls:C0947751,6
umls:C0334088,8
umls:C0206093,1
umls:C0265325,6
umls:C0279680,4
umls:C3150928,8
umls:C0334438,6
umls:C0205825,7
umls:C0027654,4
umls:C1833662,4
umls:C1961121,2
umls:C0334467,8
umls:C0346056,8
umls:C0265979,8
umls:C1709353,8
umls:C1314694,10
umls:C3829122,10
umls:C0021171,8
umls:C0836924,1
umls:C0031269,10
umls:C1257915,8
umls:C1835047,7
umls:C0018552,10
umls:C0334092,10
umls:C0206704,4
umls:C0334108,6
umls:C0750952,7
umls:C0345893,3
umls:C0039747,4
umls:C0007873,10
umls:C1512409,10
umls:C0279661,7
umls:C0600113,3
umls:C3811653,2
umls:C0206622,7
umls:C2314896,7
umls:C0220650,6
umls:C2718067,5
umls:C1854465,7
umls:C0205747,7
umls:C0279672,8
umls:C0747742,3
umls:C0016045,7
umls:C0333983,6
umls:C0345958,2
umls:C0023055,7
umls:C0343641,4
umls:C0004779,10
umls:C3241937,4
umls:C0812437,6
umls:C1302401,7
umls:C0007114,10
umls:C1851841,6
umls:C0346429,5
umls:C0341225,10
umls:C0206685,8
umls:C0002985,7
umls:C0027796,5
umls:C1562630,7
umls:C0221026,6
umls:C0033847,7
umls:C0149738,3
umls:C0234221,3
umls:C0010036,4
umls:C0151945,7
umls:C1706559,3
umls:C0039585,10
umls:C2678098,10
umls:C0282612,10
umls:C2931395,10
umls:C0936016,10
umls:C0752353,10
umls:C0848558,4
umls:C1654637,10
umls:C2937421,1
umls:C0042755,10
umls:C0162311,10
umls:C1328504,10
umls:C0001144,10
umls:C0936223,10
umls:C0042138,6
umls:C0238033,10
umls:C1691215,10
umls:C1846502,10
umls:C0018671,4
umls:C0011884,9
umls:C0021359,7
umls:C0238395,10
umls:C0278838,10
umls:C0242787,10
umls:C0026277,10
umls:C1334455,10
umls:C1387005,10
umls:C0007112,10
umls:C0000786,1
umls:C1852220,6
umls:C1384583,10
umls:C0024312,3
umls:C0002963,10
umls:C0687675,7
umls:C0018054,7
umls:C0005426,7
umls:C0000809,5
umls:C0041955,6
umls:C0027661,7
umls:C0426732,6
umls:C0019572,4
umls:C0752352,7
umls:C0266362,10
umls:C2751824,4
umls:C0033575,4
umls:C0007104,10
umls:C0235653,10
umls:C0086132,7
umls:C2145472,10
umls:C0040028,6
umls:C0236663,7
umls:C0432470,6
umls:C0232939,6
umls:C0036875,4
umls:C0158687,7
umls:C0452147,7
umls:C0007099,10
umls:C0270764,9
umls:C2931456,4
umls:C0393547,10
umls:C0268297,6
umls:C0003504,1
umls:C0156312,10
umls:C1706827,10
umls:C0271623,2
umls:C3669122,6
umls:C0015644,7
umls:C0270763,3
umls:C0019621,5
umls:C0574785,7
umls:C0457506,6
umls:C0036769,4
umls:C0848676,10
umls:C2733225,10
umls:C0151721,6
umls:C0333875,7
umls:C1739363,6
umls:C0206716,5
umls:C0042341,7
umls:C0393578,10
umls:C0338106,1
umls:C3273239,2
umls:C0702166,5
umls:C0345326,7
umls:C2981142,7
umls:C2981366,6
umls:C0037933,2
umls:C3658266,6
umls:C0018939,9
umls:C0036472,7
umls:C0206701,6
umls:C0403766,6
umls:C2919755,10
umls:C0555232,10
umls:C0266435,7
umls:C0741899,6
umls:C0346957,6
umls:C0040147,6
umls:C0011124,7
umls:C0334663,7
umls:C0432475,6
umls:C0022603,6
umls:C1853195,7
umls:C0333980,7
umls:C0149530,6
umls:C0751623,8
umls:C0856151,7
umls:C0235832,8
umls:C0016034,5
umls:C0399440,6
umls:C3665444,4
umls:C2986622,10
umls:C0344460,6
umls:C1384494,7
umls:C0033581,6
umls:C0206666,3
umls:C0393819,10
umls:C0206709,6
umls:C0153658,7
umls:C0750979,2
umls:C1856689,7
umls:C1960397,2
umls:C2359469,8
umls:C0031154,7
umls:C0040765,6
umls:C0038476,8
umls:C0017250,7
umls:C0021167,8
umls:C0020302,7
umls:C0036220,10
umls:C0520463,4
umls:C0574769,7
umls:C2936419,4
umls:C0017531,4
umls:C0206692,6
umls:C0277554,10
umls:C0267672,10
umls:C0279565,6
umls:C1842981,4
umls:C0452148,6
umls:C0950121,4
umls:C2930619,7
umls:C0340861,6
umls:C0549379,6
umls:C0751870,7
umls:C1279481,4
umls:C0334463,10
umls:C0020635,8
umls:C0404572,7
umls:C0409959,7
umls:C1867983,6
umls:C1335409,10
umls:C0156394,10
umls:C1153706,10
umls:C0598894,3
umls:C1318544,8
umls:C0151860,6
umls:C0014173,7
umls:C0024302,6
umls:C0175713,10
umls:C3273251,10
umls:C0349637,7
umls:C0971858,4
umls:C0272157,3
umls:C0409979,4
umls:C1704374,9
umls:C2945695,10
umls:C1519176,4
umls:C0272138,4
umls:C1334615,7
umls:C0001175,6
umls:C0342513,7
umls:C3714587,6
umls:C0858252,6
umls:C1839238,4
umls:C1318543,10
umls:C0340092,3
umls:C1301194,2
umls:C0751688,10
umls:C0878675,7
umls:C0812435,6
umls:C0700639,6
umls:C0027707,7
umls:C0333997,2
umls:C0028860,7
umls:C3163961,10
umls:C0855211,7
umls:C0030805,6
umls:C0264936,7
umls:C1837915,6
umls:C3160732,6
umls:C0037929,4
umls:C0206734,4
umls:C0032461,1
umls:C0040411,7
umls:C0040053,6
umls:C0002351,7
umls:C0027663,7
umls:C1334978,6
umls:C0018916,6
umls:C0206681,7
umls:C1959588,7
umls:C0282607,6
umls:C0154051,6
umls:C2930839,6
umls:C1333955,6
umls:C1332900,6
umls:C2348239,6
umls:C1527405,6
umls:C1306837,4
umls:C0238246,6
umls:C0153349,8
umls:C1333944,8
umls:C1257877,6
umls:C0339505,4
umls:C0278678,4
umls:C0152264,6
umls:C1265994,3
umls:C1510885,5
umls:C0267375,4
umls:C0242354,6
umls:C0206654,7
umls:C2673195,6
umls:C0015826,10
umls:C0020255,3
umls:C0037859,10
umls:C2931352,7
umls:C0221239,7
umls:C1334971,10
umls:C1840423,10
umls:C0030283,7
umls:C0010633,8
umls:C0920646,8
umls:C0030422,6
umls:C0022679,7
umls:C1567741,7
umls:C0268731,7
umls:C3665346,10
umls:C0035309,5
umls:C0205648,10
umls:C3276161,7
umls:C0473583,7
umls:C0002982,7
umls:C1859727,8
umls:C0524909,2
umls:C1285355,10
umls:C0025312,10
umls:C1861502,3
umls:C1859372,3
umls:C0239849,6
umls:C0746556,7
umls:C0877104,8
umls:C0277564,7
umls:C0814120,3
umls:C0015393,10
umls:C0272315,7
umls:C1839163,2
umls:C1845987,2
umls:C1839164,2
umls:C3160719,2
umls:C0040034,6
umls:C0027947,4
umls:C0398686,2
umls:C0013595,7
umls:C0024809,3
umls:C0023530,2
umls:C0272278,2
umls:C0013537,10
umls:C0494261,4
umls:C0021053,4
umls:C1262091,6
umls:C0013146,4
umls:C0851886,6
umls:C0040517,10
umls:C0993582,10
umls:C0011615,7
umls:C0015544,4
umls:C0343755,5
umls:C2749016,7
umls:C0750384,7
umls:C0684275,7
umls:C0042487,7
umls:C0015523,7
umls:C0398623,6
umls:C2608079,8
umls:C1561955,6
umls:C0600452,10
umls:C0019087,7
umls:C0149871,7
umls:C0206664,7
umls:C0235290,6
umls:C1839839,7
umls:C0340708,7
umls:C0242225,7
umls:C0034065,10
umls:C0476073,7
umls:C0027726,1
umls:C0151468,6
umls:C0311361,7
umls:C0079474,2
umls:C0272322,7
umls:C0002792,6
umls:C0795801,3
umls:C0151950,7
umls:C0272375,4
umls:C0600433,7
umls:C0744310,2
umls:C0376288,4
umls:C0375019,10
umls:C0235782,5
umls:C0040038,7
umls:C1861171,7
umls:C0151942,7
umls:C0242666,7
umls:C0432291,7
umls:C0014743,5
umls:C0342208,8
umls:C0474808,6
umls:C0014072,1
umls:C0025269,6
umls:C0022408,4
umls:C0015503,4
umls:C0497550,6
umls:C0263361,7
umls:C0584960,7
umls:C0852077,5
umls:C0272317,10
umls:C0398625,7
umls:C1096488,4
umls:C0948216,2
umls:C0850666,4
umls:C0270726,4
umls:C0027873,4
umls:C0037917,4
umls:C2931673,4
umls:C0085094,4
umls:C0042035,4
umls:C0028945,6
umls:C0018378,5
umls:C0338437,4
umls:C0043251,8
umls:C0751396,4
umls:C0007682,7
umls:C0026269,2
umls:C1096063,2
umls:C0038868,2
umls:C1504404,6
umls:C0339543,6
umls:C1860404,6
umls:C0242852,5
umls:C0334586,6
umls:C0751587,8
umls:C0547065,6
umls:C0205945,7
umls:C0037939,8
umls:C0037930,7
umls:C1832370,7
umls:C0221355,4
umls:C0005587,2
umls:C0158944,10
umls:C0017075,6
umls:C0154830,2
umls:C0023524,7
umls:C0334582,6
umls:C0431391,6
umls:C0038874,1
umls:C0037772,7
umls:C0541760,10
umls:C0027070,6
umls:C0858744,6
umls:C0280793,8
umls:C0035305,6
umls:C0027877,6
umls:C0085315,10
umls:C0334581,10
umls:C0010034,4
umls:C1395088,7
umls:C2931784,6
umls:C3160718,4
umls:C1850077,2
umls:C0393570,2
umls:C3811918,2
umls:C0043121,7
umls:C0001957,2
umls:C0007282,10
umls:C0006107,8
umls:C0338462,2
umls:C0520716,2
umls:C0751706,2
umls:C1868193,9
umls:C0270920,2
umls:C0240735,2
umls:C1864871,3
umls:C1392786,6
umls:C0017650,8
umls:C1858680,10
umls:C1862941,7
umls:C0521175,10
umls:C0221505,6
umls:C0234379,7
umls:C0751421,2
umls:C1112261,2
umls:C0600104,7
umls:C0234213,10
umls:C0008497,8
umls:C0003550,2
umls:C1857300,10
umls:C2931887,2
umls:C0553604,9
umls:C0338508,6
umls:C1847730,9
umls:C1852267,6
umls:C3276549,6
umls:C0028840,4
umls:C0029124,6
umls:C0152136,6
umls:C0029132,10
umls:C0917796,2
umls:C0339573,8
umls:C0029125,6
umls:C0162666,2
umls:C0567312,7
umls:C0595921,8
umls:C0751651,2
umls:C0730309,6
umls:C0271215,6
umls:C0162670,5
umls:C1112256,10
umls:C0017205,7
umls:C0162674,7
umls:C0162672,4
umls:C1955603,8
umls:C0268237,10
umls:C0574084,8
umls:C0007959,4
umls:C0009398,6
umls:C0030232,4
umls:C0018780,6
umls:C1854416,7
umls:C0265326,7
umls:C0085261,7
umls:C0152427,7
umls:C2931229,7
umls:C2931367,6
umls:C0003081,7
umls:C0023014,7
umls:C0026613,7
umls:C0027055,7
umls:C1333989,7
umls:C1959582,7
umls:C0391826,7
umls:C2749240,7
umls:C1866376,7
umls:C0011881,7
umls:C0031190,4
umls:C0694888,3
umls:C0026948,7
umls:C0028043,3
umls:C0038048,9
umls:C0524801,7
umls:C0027660,7
umls:C0034885,10
umls:C0001420,6
umls:C0278701,10
umls:C0346163,3
umls:C0795839,7
umls:C0349579,7
umls:C0221273,7
umls:C0035369,7
umls:C0029927,2
umls:C1866398,7
umls:C0280324,7
umls:C0153567,7
umls:C1333394,10
umls:C0020217,8
umls:C0282207,4
umls:C1334274,2
umls:C0006145,4
umls:C3463897,5
umls:C0205875,10
umls:C0752100,7
umls:C0162566,10
umls:C0205698,8
umls:C0678213,6
umls:C0206677,10
umls:C0018206,2
umls:C1112776,3
umls:C1512981,6
umls:C1332243,10
umls:C0085624,7
umls:C0007868,8
umls:C2720434,6
umls:C1334811,6
umls:C0851887,3
umls:C0347001,10
umls:C1334695,10
umls:C1332167,7
umls:C0334588,2
umls:C1394320,7
umls:C0280783,6
umls:C0022548,7
umls:C0023484,4
umls:C1519714,8
umls:C0848576,3
umls:C0153685,10
umls:C2986703,10
umls:C0036920,5
umls:C0334576,6
umls:C1258104,6
umls:C0729665,10
umls:C0345967,7
umls:C1519678,7
umls:C0334276,4
umls:C1519689,6
umls:C0278601,7
umls:C0014179,2
umls:C1332913,7
umls:C1334011,7
umls:C0332890,7
umls:C0018889,7
umls:C0238034,10
umls:C0024620,2
umls:C2711227,7
umls:C0431380,10
umls:C1368354,10
umls:C1709527,2
umls:C0005694,7
umls:C0346627,3
umls:C0347390,10
umls:C2979982,6
umls:C3163625,6
umls:C0238790,7
umls:C1112474,7
umls:C0346249,10
umls:C0279671,1
umls:C0856536,2
umls:C0474853,6
umls:C0850572,6
umls:C0334533,6
umls:C0240164,7
umls:C0338113,10
umls:C0917816,10
umls:C0848454,7
umls:C0346040,7
umls:C1860707,7
umls:C2676500,8
umls:C1260954,4
umls:C2828150,10
umls:C0849867,3
umls:C1516857,6
umls:C2945759,10
umls:C0205944,7
umls:C0003857,6
umls:C2919945,4
umls:C0238451,7
umls:C0023522,10
umls:C0751278,10
umls:C0751276,10
umls:C0751279,10
umls:C0268263,10
umls:C0268547,6
umls:C2713319,10
umls:C0029454,6
umls:C0014550,4
umls:C3273225,7
umls:C0152025,6
umls:C0221764,10
umls:C2919828,5
umls:C0003477,8
umls:C1855255,10
umls:C0220710,8
umls:C0036337,4
umls:C1263726,10
umls:C0392322,10
umls:C0751785,6
umls:C1527281,7
umls:C1510420,9
umls:C0263338,6
umls:C2919796,3
umls:C0000880,7
umls:C1867969,8
umls:C0162533,3
umls:C0020433,5
umls:C0032708,10
umls:C0162532,8
umls:C0268328,7
umls:C0001314,7
umls:C0235025,10
umls:C2936779,8
umls:C3825704,6
umls:C1704320,7
umls:C1840311,3
umls:C2712360,7
umls:C1527358,10
umls:C0027721,4
umls:C0162830,2
umls:C1291230,5
umls:C0752304,7
umls:C2750785,6
umls:C1854154,6
umls:C1834653,6
umls:C0410190,6
umls:C1720860,6
umls:C0410189,6
umls:C1857829,6
umls:C0271694,6
umls:C0043119,6
umls:C1136321,6
umls:C0796031,6
umls:C0036420,5
umls:C0037188,6
umls:C0406585,6
umls:C0018566,6
umls:C0016508,6
umls:C0949658,6
umls:C0220989,6
umls:C0009207,6
umls:C0007820,8
umls:C0743098,6
umls:C1280433,2
umls:C0009918,6
umls:C0426799,10
umls:C1168327,8
umls:C1450051,10
umls:C0279563,10
umls:C0598589,2
umls:C0264789,2
umls:C0917990,10
umls:C0334381,6
umls:C0544464,6
umls:C0521989,7
umls:C0036646,10
umls:C0085750,6
umls:C3151446,7
umls:C0332601,4
umls:C0520573,7
umls:C0400936,6
umls:C1704436,10
umls:C1399793,10
umls:C0013384,2
umls:C0878661,4
umls:C0342942,10
umls:C1842983,9
umls:C0342336,10
umls:C1832423,9
umls:C1720859,7
umls:C0854110,3
umls:C3266164,10
umls:C0424551,7
umls:C0021367,8
umls:C0000889,10
umls:C0423773,7
umls:C0265264,6
umls:C0043207,4
umls:C1833021,4
umls:C3805412,4
umls:C3280358,4
umls:C1861826,4
umls:C0236038,4
umls:C0038436,4
umls:C0362046,4
umls:C0271514,4
umls:C3711374,8
umls:C1956097,4
umls:C0748061,4
umls:C1970944,7
umls:C2700439,7
umls:C1852197,7
umls:C0260662,7
umls:C2700440,7
umls:C2700438,7
umls:C1970943,7
umls:C0011880,10
umls:C1860339,7
umls:C0852733,6
umls:C1970945,7
umls:C1858028,10
umls:C0011156,9
umls:C0027720,9
umls:C0033687,4
umls:C0034531,4
umls:C0751830,9
umls:C0036330,9
umls:C0020672,4
umls:C0004045,7
umls:C0860207,9
umls:C0162316,9
umls:C0015696,9
umls:C0035066,9
umls:C0740392,4
umls:C0022578,9
umls:C0011875,8
umls:C0020443,6
umls:C0028797,4
umls:C0004763,6
umls:C0543859,9
umls:C0006849,4
umls:C3825201,9
umls:C0042928,9
umls:C0740391,4
umls:C2718017,6
umls:C0010414,5
umls:C0151313,6
umls:C0002895,7
umls:C0154682,9
umls:C1297882,8
umls:C0749870,9
umls:C2931928,7
umls:C2745900,7
umls:C0036323,6
umls:C0282550,4
umls:C0235325,7
umls:C0043116,2
umls:C3203102,10
umls:C0152115,6
umls:C0443306,6
umls:C0017536,6
umls:C0022541,7
umls:C0277550,7
umls:C1865384,10
umls:C0014518,6
umls:C0752121,6
umls:C0270780,7
umls:C2004489,3
umls:C0020639,6
umls:C0018995,5
umls:C2936329,10
umls:C0085632,10
umls:C0026618,7
umls:C1862937,7
umls:C0030360,6
umls:C1704321,1
umls:C0558193,10
umls:C0042961,6
umls:C1260959,5
umls:C0730285,10
umls:C0686347,4
umls:C0085633,7
umls:C0037926,5
umls:C1096293,7
umls:C0795875,7
umls:C0027858,6
umls:C0023944,10
umls:C1301700,3
umls:C0271680,7
umls:C0004941,6
umls:C1135361,6
umls:C0002880,5
umls:C0007121,8
umls:C0752130,4
umls:C0001080,8
umls:C1868678,8
umls:C1300257,10
umls:C0410529,8
umls:C2677099,10
umls:C1864852,10
umls:C1864436,10
umls:C0265269,10
umls:C0039743,10
umls:C0008924,10
umls:C0008925,10
umls:C0175699,10
umls:C0410528,10
umls:C0039093,10
umls:C0343284,10
umls:C0029422,4
umls:C0023761,8
umls:C0007971,6
umls:C0553723,10
umls:C0151491,8
umls:C2674173,10
umls:C1300256,10
umls:C2931196,10
umls:C0010273,2
umls:C0263661,10
umls:C0001193,7
umls:C0004998,10
umls:C0220658,7
umls:C0265303,7
umls:C0751571,4
umls:C0265529,10
umls:C0038379,3
umls:C0263641,7
umls:C0036651,7
umls:C0149782,4
umls:C0026707,4
umls:C0265534,10
umls:C3536714,7
umls:C0235831,7
umls:C0005967,7
umls:C1336527,6
umls:C0265318,6
umls:C0265329,10
umls:C0278827,3
umls:C0235754,10
umls:C0362030,10
umls:C0243066,10
umls:C0432283,4
umls:C0878787,7
umls:C0206721,6
umls:C0038015,4
umls:C0001969,7
umls:C1334282,7
umls:C2930792,10
umls:C0220726,10
umls:C0282529,10
umls:C0003803,10
umls:C0302894,10
umls:C2931150,7
umls:C0022602,6
umls:C0751882,6
umls:C2745959,4
umls:C0221369,6
umls:C0011645,10
umls:C0175695,2
umls:C0685409,6
umls:C0022593,6
umls:C0265309,6
umls:C2986536,4
umls:C3696898,4
umls:C0744483,4
umls:C0024419,4
umls:C0017921,7
umls:C0017665,6
umls:C0751173,6
umls:C0342751,5
umls:C0017919,6
umls:C0024437,5
umls:C0030246,5
umls:C1541923,1
umls:C0270921,7
umls:C0393519,4
umls:C0235394,3
umls:C1304140,10
umls:C0014121,1
umls:C1849930,4
umls:C0003537,9
umls:C0344559,7
umls:C0206641,7
umls:C0023003,10
umls:C0520788,7
umls:C0814152,7
umls:C1851413,9
umls:C0267797,4
umls:C0432282,7
umls:C0265255,8
umls:C0038165,10
umls:C0936248,6
umls:C0042721,6
umls:C0086647,2
umls:C0403443,7
umls:C0008441,2
umls:C0699893,7
umls:C0403396,7
umls:C3463923,7
umls:C0019189,6
umls:C0751356,6
umls:C0543697,2
umls:C0018621,6
umls:C0205711,8
umls:C1839264,8
umls:C0751915,8
umls:C0751604,8
umls:C0030486,3
umls:C0007789,4
umls:C0393665,6
umls:C0034372,2
umls:C0028738,3
umls:C0751964,6
umls:C1274795,7
umls:C0598608,7
umls:C0011303,6
umls:C1263857,4
umls:C0020630,6
umls:C0009171,7
umls:C3495426,7
umls:C0149983,7
umls:C0920103,8
umls:C0001857,8
umls:C1306068,10
umls:C0858617,6
umls:C0392557,2
umls:C0265253,4
umls:C0265252,2
umls:C0333006,7
umls:C1868690,2
umls:C1527231,2
umls:C0039292,6
umls:C0282528,10
umls:C1306856,7
umls:C0405580,4
umls:C0043459,10
umls:C0007286,6
umls:C1394891,5
umls:C1328840,6
umls:C0677050,5
umls:C0006635,10
umls:C0699728,7
umls:C0008489,5
umls:C0751208,7
umls:C0029421,4
umls:C0028768,4
umls:C0268407,6
umls:C1305932,7
umls:C0427086,8
umls:C0854723,6
umls:C0020256,9
umls:C0030587,7
umls:C1518296,5
umls:C0023374,7
umls:C0268117,6
umls:C0740394,7
umls:C0018099,5
umls:C0027854,4
umls:C0003868,4
umls:C0085271,7
umls:C0268104,7
umls:C0085583,2
umls:C0278704,6
umls:C0796154,8
umls:C0268226,4
umls:C0403719,3
umls:C0432028,7
umls:C0268233,4
umls:C0272236,6
umls:C0398689,7
umls:C1835820,10
umls:C2751544,10
umls:C0007117,10
umls:C0028880,10
umls:C0002448,6
umls:C0341038,10
umls:C0028879,10
umls:C0011649,10
umls:C3160731,6
umls:C1708604,10
umls:C0079541,2
umls:C0158646,7
umls:C0011428,2
umls:C1142274,10
umls:C0034543,4
umls:C0677607,6
umls:C0334482,10
umls:C0278510,1
umls:C0022361,10
umls:C3711390,10
umls:C3825567,3
umls:C0334557,10
umls:C0008476,2
umls:C0862889,10
umls:C0205645,10
umls:C0178468,6
umls:C0265205,7
umls:C0080174,10
umls:C0917813,10
umls:C0205768,6
umls:C0035112,6
umls:C0265220,8
umls:C0920350,10
umls:C0156344,7
umls:C0334574,10
umls:C0149951,6
umls:C0205642,6
umls:C0742133,10
umls:C0751291,10
umls:C1334963,10
umls:C0035411,4
umls:C0029427,10
umls:C1266025,6
umls:C0751676,7
umls:C0030299,6
umls:C1862151,2
umls:C0855073,4
umls:C0349658,3
umls:C1854245,4
umls:C0546476,10
umls:C0175694,10
umls:C0005944,4
umls:C0042870,10
umls:C0012675,6
umls:C1865596,7
umls:C1846421,10
umls:C0026697,2
umls:C1868677,6
umls:C0031763,8
umls:C0265267,8
umls:C0237967,7
umls:C1302790,7
umls:C0162568,3
umls:C0005395,3
umls:C0162530,3
umls:C1274925,3
umls:C0860204,3
umls:C1275125,3
umls:C0272024,3
umls:C0010691,10
umls:C1848030,7
umls:C1868649,7
umls:C3698119,7
umls:C1857388,7
umls:C0268646,7
umls:C0018609,7
umls:C0497169,1
umls:C0041234,4
umls:C1396243,2
umls:C0007930,7
umls:C1857389,10
umls:C1708565,7
umls:C1563697,7
umls:C0003076,10
umls:C0009363,3
umls:C1833797,10
umls:C0431401,10
umls:C0155299,10
umls:C1835698,10
umls:C0040427,10
umls:C1271219,10
umls:C1858679,10
umls:C2931644,10
umls:C3714873,10
umls:C0497552,10
umls:C3805604,10
umls:C0344543,10
umls:C1833798,10
umls:C0161398,4
umls:C1862839,10
umls:C0206115,4
umls:C0034951,7
umls:C0154778,1
umls:C0271183,10
umls:C0344539,10
umls:C0700501,6
umls:C0235270,10
umls:C0020636,10
umls:C0042798,6
umls:C0314719,10
umls:C3495489,6
umls:C0013238,1
umls:C0265341,6
umls:C0155094,5
umls:C0152200,10
umls:C3495488,10
umls:C0013338,1
umls:C0266573,10
umls:C0003119,2
umls:C2981140,3
umls:C0950122,4
umls:C1850993,10
umls:C0154971,10
umls:C0563632,7
umls:C0001916,3
umls:C0022575,4
umls:C1112768,10
umls:C0036349,4
umls:C2315667,10
umls:C0004903,10
umls:C1557335,6
umls:C0546967,10
umls:C0086981,6
umls:C0206725,10
umls:C0339467,2
umls:C0266544,9
umls:C0268353,7
umls:C1845359,7
umls:C0178324,5
umls:C2936380,7
umls:C0857057,7
umls:C1096903,7
umls:C0342853,7
umls:C0008928,7
umls:C0243057,7
umls:C1834969,7
umls:C1861516,7
umls:C0029396,7
umls:C0153638,7
umls:C0206366,10
umls:C0206638,7
umls:C0040457,7
umls:C0686761,7
umls:C1865343,8
umls:C1260873,7
umls:C0334041,7
umls:C0206640,6
umls:C1861923,4
umls:C0238792,4
umls:C0279530,5
umls:C2699510,7
umls:C0016063,4
umls:C1704429,7
umls:C2931838,10
umls:C0473527,6
umls:C0020445,10
umls:C0745103,6
umls:C1844501,6
umls:C0242231,2
umls:C0007771,8
umls:C0011603,10
umls:C0028064,4
umls:C0020557,7
umls:C0034561,7
umls:C0752143,9
umls:C0020623,7
umls:C0007273,4
umls:C0024534,5
umls:C2613439,7
umls:C3165209,6
umls:C0398701,7
umls:C0677898,8
umls:C0795956,2
umls:C0231530,1
umls:C0024535,5
umls:C1535939,3
umls:C0577631,8
umls:C3642304,10
umls:C0038358,5
umls:C0023794,7
umls:C0153661,7
umls:C0017920,3
umls:C0302314,2
umls:C1519666,2
umls:C0597048,7
umls:C0409980,8
umls:C0206684,10
umls:C0039144,10
umls:C0282577,6
umls:C0010520,10
umls:C1658953,6
umls:C0008384,8
umls:C0034050,7
umls:C0268243,7
umls:C1266035,7
umls:C0948441,6
umls:C0276447,6
umls:C0007125,5
umls:C0155733,6
umls:C1998028,10
umls:C0023195,10
umls:C0085278,7
umls:C3694279,5
umls:C0154251,6
umls:C0020599,10
umls:C0004775,7
umls:C1449844,10
umls:C0085570,10
umls:C0751674,10
umls:C0027709,4
umls:C0151747,10
umls:C0740898,10
umls:C0020438,4
umls:C3469605,7
umls:C0220666,9
umls:C0149630,7
umls:C0014599,10
umls:C0242387,10
umls:C2931876,6
umls:C1835171,10
umls:C0085758,6
umls:C0232601,10
umls:C0033845,7
umls:C0019569,9
umls:C3542024,4
umls:C1404153,10
umls:C2930930,10
umls:C0522274,10
umls:C0410203,8
umls:C0393814,2
umls:C3495591,2
umls:C0011195,2
umls:C0030554,10
umls:C0034933,2
umls:C1861669,2
umls:C1843225,2
umls:C0205713,2
umls:C0751036,2
umls:C2932678,2
umls:C0041327,5
umls:C1848296,2
umls:C0393808,7
umls:C0270933,6
umls:C0795864,4
umls:C0596992,2
umls:C0019100,5
umls:C0039273,6
umls:C0019156,2
umls:C0016506,2
umls:C0795865,6
umls:C0028643,2
umls:C0494491,10
umls:C0270912,4
umls:C0393818,3
umls:C0728829,2
umls:C0271683,6
umls:C1834304,6
umls:C1856128,4
umls:C0013404,9
umls:C0027743,7
umls:C1290871,2
umls:C0235797,10
umls:C0152109,10
umls:C0262576,2
umls:C0392553,7
umls:C0151332,7
umls:C1510429,2
umls:C0333497,6
umls:C0270914,7
umls:C0221052,6
umls:C0751059,2
umls:C0271829,4
umls:C1863752,3
umls:C0581883,10
umls:C0266589,4
umls:C0521785,3
umls:C0013570,4
umls:C0042571,4
umls:C0033074,7
umls:C0339789,10
umls:C0262435,8
umls:C0010308,4
umls:C0342200,6
umls:C3826233,7
umls:C0018775,8
umls:C0158945,7
umls:C0011052,10
umls:C0751955,4
umls:C0026760,10
umls:C0040156,10
umls:C1563716,6
umls:C0302859,7
umls:C1852271,7
umls:C0038478,8
umls:C0009443,7
umls:C1865866,8
umls:C0302840,6
umls:C0546969,3
umls:C0013395,4
umls:C1368019,7
umls:C0010692,4
umls:C0025007,7
umls:C0035613,7
umls:C0151546,7
umls:C1333294,6
umls:C0013371,5
umls:C1833921,6
umls:C1275808,4
umls:C0006413,6
umls:C1859049,4
umls:C0161411,6
umls:C0009081,10
umls:C0161408,6
umls:C0024232,7
umls:C3203358,5
umls:C1334928,6
umls:C0085183,4
umls:C0020295,7
umls:C0042842,4
umls:C3805845,6
umls:C1392158,6
umls:C0266015,6
umls:C0206683,5
umls:C0345240,6
umls:C0268397,6
umls:C1847800,4
umls:C0025160,4
umls:C0235904,6
umls:C0334595,6
umls:C3661523,6
umls:C2931189,6
umls:C0221391,7
umls:C1318500,6
umls:C0025209,7
umls:C0345244,6
umls:C3501843,6
umls:C0878627,6
umls:C0018023,7
umls:C0014848,6
umls:C0345237,6
umls:C1705254,3
umls:C0280449,2
umls:C0271606,7
umls:C3146252,6
umls:C1266051,6
umls:C1336751,6
umls:C0403622,9
umls:C1848519,9
umls:C0268398,7
umls:C3812899,6
umls:C0205651,6
umls:C1334953,10
umls:C1096168,2
umls:C1335320,6
umls:C0037287,3
umls:C1511104,10
umls:C0206657,7
umls:C0677948,6
umls:C0796033,9
umls:C1619700,10
umls:C0349530,6
umls:C0749474,6
umls:C0020074,10
umls:C0278681,6
umls:C0271568,6
umls:C1858656,1
umls:C3714796,6
umls:C0271561,6
umls:C0302511,6
umls:C1740819,6
umls:C0518450,7
umls:C0033324,6
umls:C0235991,6
umls:C0080179,10
umls:C1849524,6
umls:C1837475,4
umls:C0346302,7
umls:C0010276,6
umls:C0595995,7
umls:C0282666,6
umls:C0279628,7
umls:C1257763,3
umls:C0234233,4
umls:C0745744,4
umls:C0242343,7
umls:C0005411,1
umls:C0677659,8
umls:C1384584,4
umls:C0409952,10
umls:C0014869,5
umls:C0022398,5
umls:C3489795,6
umls:C0023485,10
umls:C1292753,6
umls:C0006079,4
umls:C1527336,1
umls:C0085293,7
umls:C0034884,3
umls:C0006274,10
umls:C1955861,1
umls:C2936739,7
umls:C1522378,4
umls:C0027533,6
umls:C1332079,7
umls:C1968689,2
umls:C0039103,4
umls:C0020542,9
umls:C0024054,3
umls:C0333160,3
umls:C0008373,1
umls:C0004565,4
umls:C0003865,7
umls:C0206669,9
umls:C1333132,6
umls:C0034902,6
umls:C1333064,7
umls:C0035222,6
umls:C0205748,6
umls:C0340613,10
umls:C0004626,4
umls:C2921627,7
umls:C0006012,4
umls:C3146257,2
umls:C1512259,7
umls:C0019372,2
umls:C1266002,4
umls:C0349649,4
umls:C1135868,6
umls:C0042167,6
umls:C0917804,10
umls:C2697636,3
umls:C0010823,8
umls:C0872054,5
umls:C0020875,3
umls:C0085663,4
umls:C0242006,7
umls:C0040997,5
umls:C0205699,4
umls:C0276089,10
umls:C1997217,6
umls:C0599849,8
umls:C0278479,7
umls:C0269972,10
umls:C0153392,8
umls:C0333516,5
umls:C0877373,10
umls:C0042170,6
umls:C0006840,6
umls:C1518693,3
umls:C0027059,5
umls:C0178238,7
umls:C1527349,8
umls:C0006287,4
umls:C0042164,7
umls:C0858213,7
umls:C2931618,6
umls:C0151650,7
umls:C0238301,4
umls:C0558353,6
umls:C0155877,5
umls:C0034362,7
umls:C1301034,6
umls:C2931027,4
umls:C0745091,4
umls:C0039373,2
umls:C1848913,2
umls:C1848916,2
umls:C0036161,2
umls:C0268275,2
umls:C0268274,2
umls:C1848922,2
umls:C0017083,4
umls:C2718068,4
umls:C0085131,4
umls:C0086652,4
umls:C0023786,4
umls:C0796225,2
umls:C3495439,2
umls:C0001125,2
umls:C0086025,2
umls:C0265971,9
umls:C0853897,6
umls:C0206146,5
umls:C1852297,9
umls:C1852296,9
umls:C0085106,7
umls:C0264766,7
umls:C0206720,7
umls:C2936346,2
umls:C1135196,4
umls:C0018965,4
umls:C0021603,6
umls:C0525040,6
umls:C1842028,7
umls:C0178664,6
umls:C0403548,6
umls:C1853566,6
umls:C3812898,6
umls:C0027339,6
umls:C0472813,6
umls:C0001768,6
umls:C0241932,6
umls:C0009447,4
umls:C0086438,6
umls:C1844383,6
umls:C0796074,10
umls:C0023443,1
umls:C0013423,7
umls:C0034212,6
umls:C1264039,9
umls:C1264041,9
umls:C1264040,9
umls:C1282971,9
umls:C1282968,9
umls:C1282975,9
umls:C1282974,9
umls:C0034155,9
umls:C1280798,9
umls:C0005129,10
umls:C0003175,10
umls:C3641106,10
umls:C0036983,5
umls:C1861172,7
umls:C2717961,2
umls:C1268935,9
umls:C0019061,7
umls:C0272324,8
umls:C0333209,9
umls:C0272355,9
umls:C0311370,10
umls:C0302810,5
umls:C3494187,7
umls:C0857305,7
umls:C0155765,7
umls:C2584778,7
umls:C0343401,2
umls:C0598639,4
umls:C0267370,7
umls:C1868263,9
umls:C0472801,7
umls:C0272323,7
umls:C0085411,10
umls:C0024537,5
umls:C3273254,3
umls:C0155773,10
umls:C0272302,3
umls:C0333203,10
umls:C0017925,7
umls:C0852949,4
umls:C0272356,9
umls:C0154841,9
umls:C0032269,10
umls:C0019045,7
umls:C1719672,5
umls:C1565489,7
umls:C1273976,7
umls:C0005818,4
umls:C0398610,9
umls:C0010072,4
umls:C0398642,9
umls:C0272362,9
umls:C0271980,7
umls:C0333183,9
umls:C0015526,10
umls:C0278512,2
umls:C0085083,6
umls:C0017662,4
umls:C0016522,7
umls:C0398650,2
umls:C0270972,7
umls:C0015411,7
umls:C0005745,7
umls:C0031575,7
umls:C0392475,7
umls:C0013364,3
umls:C0027889,7
umls:C0920187,6
umls:C0035920,5
umls:C0259749,6
umls:C1511934,3
umls:C0406775,10
umls:C1832645,9
umls:C1832648,5
umls:C2752062,4
umls:C0020626,4
umls:C0020598,4
umls:C3715128,4
umls:C0270850,4
umls:C1809471,4
umls:C1832611,4
umls:C0022650,4
umls:C3163620,6
umls:C0342342,4
umls:C0392525,7
umls:C0543800,4
umls:C0149911,6
umls:C0345406,4
umls:C1833683,5
umls:C0085859,4
umls:C0391957,9
umls:C0282687,6
umls:C0342639,6
umls:C3494489,6
umls:C0019034,7
umls:C1865868,7
umls:C0006705,10
umls:C0022951,4
umls:C1833372,2
umls:C0234235,5
umls:C0042963,7
umls:C0023817,4
umls:C0017668,6
umls:C0020479,8
umls:C0020480,6
umls:C0020476,4
umls:C0020514,4
umls:C2047520,6
umls:C0007781,7
umls:C0340274,10
umls:C0017327,4
umls:C0032963,5
umls:C0023772,6
umls:C0032787,4
umls:C0032962,10
umls:C0948480,10
umls:C1261969,10
umls:C1274228,10
umls:C2712907,10
umls:C2931862,10
umls:C2936179,10
umls:C0920627,10
umls:C1720779,8
umls:C0565599,4
umls:C1849409,2
umls:C0342886,4
umls:C0268193,10
umls:C0342883,10
umls:C1855498,10
umls:C0342335,7
umls:C0542037,6
umls:C0020481,7
umls:C0239981,7
umls:C0278836,6
umls:C0598428,10
umls:C0431603,10
umls:C0151826,6
umls:C0268197,10
umls:C0342889,10
umls:C1332632,6
umls:C0751783,7
umls:C0149670,10
umls:C0014549,10
umls:C0494475,10
umls:C1832942,3
umls:C0796081,3
umls:C0023897,7
umls:C0236048,6
umls:C0677949,8
umls:C1333762,5
umls:C1402315,6
umls:C0345905,8
umls:C0347266,7
umls:C1335475,8
umls:C0349534,6
umls:C0206699,2
umls:C0205695,10
umls:C0151463,10
umls:C0206696,4
umls:C0751887,8
umls:C0023643,7
umls:C0026936,1
umls:C0034887,6
umls:C3146251,10
umls:C0677950,10
umls:C0158570,2
umls:C0279637,6
umls:C0014122,7
umls:C1302645,7
umls:C0029445,1
umls:C0080178,7
umls:C0015814,4
umls:C3502510,10
umls:C0023479,7
umls:C1398312,10
umls:C2825306,7
umls:C0342276,10
umls:C0866588,7
umls:C0235813,10
umls:C0008525,2
umls:C0031941,2
umls:C0018133,10
umls:C0334529,6
umls:C0524662,4
umls:C0339525,7
umls:C0035258,4
umls:C0265354,2
umls:C1837461,2
umls:C0162809,2
umls:C0342384,2
umls:C3552553,2
umls:C2675302,2
umls:C1306710,7
umls:C0015469,4
umls:C0012236,7
umls:C0008297,2
umls:C2936502,2
umls:C1399354,7
umls:C0546952,2
umls:C0003126,4
umls:C0265240,2
umls:C0575157,7
umls:C0271441,6
umls:C0338503,4
umls:C1801959,7
umls:C0018816,7
umls:C0221224,2
umls:C0685787,7
umls:C2827407,7
umls:C3495417,7
umls:C0029882,5
umls:C1868595,7
umls:C1854182,7
umls:C0022976,7
umls:C0236733,7
umls:C0033941,7
umls:C1533217,2
umls:C3489791,7
umls:C0038522,5
umls:C0236688,7
umls:C1850100,7
umls:C2982732,6
umls:C0022387,6
umls:C0035828,4
umls:C1865019,6
umls:C1837014,6
umls:C0018781,6
umls:C0025568,6
umls:C0001075,6
umls:C0015930,4
umls:C0152020,8
umls:C2348199,7
umls:C0344432,6
umls:C0206743,7
umls:C0017155,3
umls:C2931688,7
umls:C0155550,8
umls:C0265234,10
umls:C1833691,10
umls:C1865143,10
umls:C0018777,10
umls:C0431406,10
umls:C0456891,10
umls:C0016842,10
umls:C2830004,10
umls:C0013144,10
umls:C0994516,8
umls:C0013261,8
umls:C0023521,7
umls:C0751273,10
umls:C0268252,3
umls:C0878677,4
umls:C0043202,10
umls:C2931230,4
umls:C0033141,10
umls:C0751383,4
umls:C0032915,10
umls:C0311338,2
umls:C0340279,6
umls:C1832931,4
umls:C0086209,4
umls:C2677794,4
umls:C0694539,7
umls:C1386553,7
umls:C0162770,1
umls:C0264716,7
umls:C0235242,4
umls:C2930902,4
umls:C0273115,7
umls:C0242706,6
umls:C3553728,9
umls:C0023241,7
umls:C0027583,6
umls:C0585274,6
umls:C0031046,10
umls:C0002873,6
umls:C3495801,8
umls:C0042165,3
umls:C1512326,3
umls:C0002382,2
umls:C0024116,5
umls:C0206114,2
umls:C0004030,7
umls:C1456624,4
umls:C0031094,2
umls:C0026780,6
umls:C0026857,7
umls:C0031106,5
umls:C0032964,10
umls:C0026691,5
umls:C0001416,6
umls:C1096155,2
umls:C0751965,3
umls:C0026272,6
umls:C0030201,3
umls:C0740651,3
umls:C0206019,6
umls:C0037284,7
umls:C0162359,3
umls:C0030807,6
umls:C0343378,7
umls:C0276653,2
umls:C0276548,7
umls:C0856825,2
umls:C0032308,1
umls:C0043352,7
umls:C1321422,7
umls:C0242770,3
umls:C1838280,10
umls:C0022410,10
umls:C0041834,4
umls:C1456873,7
umls:C0002312,7
umls:C0272002,10
umls:C0751214,7
umls:C0432281,10
umls:C0263680,6
umls:C1265679,7
umls:C0020305,10
umls:C0007302,7
umls:C0472761,10
umls:C0029172,5
umls:C0014553,10
umls:C0034186,1
umls:C0022350,2
umls:C3658338,7
umls:C0013182,5
umls:C0008372,2
umls:C0005396,4
umls:C0013221,3
umls:C0877382,6
umls:C0023474,4
umls:C0019193,4
umls:C0268307,6
umls:C0268318,5
umls:C0014547,2
umls:C0153467,2
umls:C0036117,7
umls:C0149958,6
umls:C1443924,6
umls:C0031048,6
umls:C0948168,10
umls:C0400979,9
umls:C0280220,10
umls:C0014548,4
umls:C0022354,4
umls:C0005398,10
umls:C0751490,10
umls:C1849320,10
umls:C1849322,10
umls:C1849321,10
umls:C0751491,10
umls:C0431663,4
umls:C0023600,4
umls:C0431664,7
umls:C0520459,10
umls:C0342783,8
umls:C2243088,10
umls:C0267112,10
umls:C1834570,4
umls:C0752203,2
umls:C0265219,8
umls:C0752207,7
umls:C0175693,10
umls:C1868682,2
umls:C1997740,8
umls:C0393584,4
umls:C0268164,10
umls:C0020501,10
umls:C0020500,7
umls:C0476227,10
umls:C0080233,4
umls:C0687120,7
umls:C1332860,10
umls:C1135191,7
umls:C0002875,7
umls:C0403592,4
umls:C0333291,8
umls:C0205898,10
umls:C0020071,7
umls:C0154723,10
umls:C2931132,4
umls:C0751483,10
umls:C1860224,6
umls:C0268165,10
umls:C1850808,6
umls:C1850889,6
umls:C1847532,6
umls:C0751336,2
umls:C1561535,6
umls:C0221054,2
umls:C1869123,6
umls:C1838254,6
umls:C1853698,6
umls:C0220704,4
umls:C1857586,10
umls:C1833692,10
umls:C0338591,10
umls:C0265493,7
umls:C1866994,4
umls:C0042454,10
umls:C0013069,8
umls:C0239234,10
umls:C0280141,7
umls:C1836929,10
umls:C0345065,10
umls:C0344490,10
umls:C0265291,10
umls:C1266175,7
umls:C0235833,4
umls:C0341858,6
umls:C2931072,4
umls:C3151189,6
umls:C0013447,10
umls:C0002878,7
umls:C0398564,7
umls:C0268583,7
umls:C0796137,6
umls:C0300948,3
umls:C2675369,10
umls:C1378511,7
umls:C0746402,7
umls:C0086795,7
umls:C1385263,10
umls:C1861922,6
umls:C0031900,6
umls:C0265998,6
umls:C1842462,6
umls:C2749215,6
umls:C0206637,4
umls:C0158266,1
umls:C2748895,7
umls:C0206661,4
umls:C1332995,4
umls:C0432361,4
umls:C0267048,4
umls:C0011119,7
umls:C0206715,4
umls:C0023348,10
umls:C0027697,7
umls:C1562908,6
umls:C0432239,4
umls:C0266295,10
umls:C2936694,7
umls:C1848954,8
umls:C0743332,7
umls:C2930898,3
umls:C0040485,7
umls:C0037763,4
umls:C0005747,3
umls:C1969807,8
umls:C0949445,4
umls:C0752206,8
umls:C0264588,8
umls:C0752205,8
umls:C0752208,8
umls:C1868681,7
umls:C0392549,8
umls:C1414216,2
umls:C0221480,7
umls:C0025183,8
umls:C0015371,7
umls:C0221170,9
umls:C1334804,8
umls:C3710741,8
umls:C1567742,1
umls:C0086533,1
umls:C0027706,1
umls:C1442903,1
umls:C0015398,10
umls:C0403440,9
umls:C0241908,9
umls:C1305904,9
umls:C3812396,7
umls:C1567744,2
umls:C0344262,1
umls:C2931857,7
umls:C0239119,1
umls:C0038604,10
umls:C2609059,1
umls:C1833373,7
umls:C0025294,4
umls:C0410198,7
umls:C1260922,7
umls:C0206762,7
umls:C0740404,7
umls:C2363939,7
umls:C0003492,8
umls:C0265246,7
umls:C0040583,4
umls:C0014116,7
umls:C0035344,7
umls:C0175697,10
umls:C0265259,10
umls:C1837213,10
umls:C0020608,4
umls:C0810364,10
umls:C0399352,4
umls:C1861538,10
umls:C1837217,10
umls:C0341059,10
umls:C1456687,10
umls:C1861537,10
umls:C1704231,7
umls:C0220654,4
umls:C0344975,10
umls:C0376524,10
umls:C0035238,10
umls:C0079924,6
umls:C0037299,7
umls:C0027794,4
umls:C0206655,4
umls:C0004106,4
umls:C0339682,4
umls:C0334113,4
umls:C0152276,7
umls:C1292772,7
umls:C0206142,4
umls:C0262493,10
umls:C1290854,8
umls:C3828464,8
umls:C0346202,8
umls:C0205769,10
umls:C0259783,7
umls:C1708550,7
umls:C0268146,4
umls:C0017922,7
umls:C0271708,10
umls:C0017927,3
umls:C0038433,3
umls:C0268147,3
umls:C1291390,3
umls:C0153452,7
umls:C1955741,3
umls:C0085132,3
umls:C0742468,10
umls:C0020725,2
umls:C0795821,10
umls:C0263634,10
umls:C1300818,10
umls:C0030849,6
umls:C0023904,6
umls:C1968782,6
umls:C0009442,6
umls:C0858970,8
umls:C1512419,7
umls:C0851140,4
umls:C0013403,7
umls:C0596321,2
umls:C0206739,6
umls:C0022572,6
umls:C0027497,7
umls:C0334274,7
umls:C0334454,10
umls:C3714524,7
umls:C1857276,2
umls:C0279543,2
umls:C0853105,6
umls:C0002690,6
umls:C1136084,2
umls:C3669246,7
umls:C0153601,3
umls:C0349459,10
umls:C0345907,2
umls:C2931658,6
umls:C1527390,7
umls:C0334328,6
umls:C1332899,2
umls:C0349458,7
umls:C0206736,10
umls:C0042548,6
umls:C1854520,6
umls:C1834478,6
umls:C0398641,6
umls:C0403445,6
umls:C0340978,6
umls:C1863659,6
umls:C2931716,6
umls:C0020544,6
umls:C0078911,6
umls:C0154094,6
umls:C0151699,7
umls:C0042075,6
umls:C1709661,6
umls:C0264657,6
umls:C1861512,6
umls:C0039128,6
umls:C1861185,2
umls:C0037054,7
umls:C0019340,5
umls:C0014522,6
umls:C1318020,10
umls:C0403434,6
umls:C3536572,7
umls:C0848765,6
umls:C0277792,10
umls:C0027719,10
umls:C0006845,4
umls:C0152451,4
umls:C0751751,3
umls:C0393615,3
umls:C2349952,8
umls:C1852406,2
umls:C2936791,2
umls:C0795998,2
umls:C1865070,2
umls:C3281247,2
umls:C1510455,7
umls:C2350233,7
umls:C2931888,2
umls:C1450010,7
umls:C0003090,2
umls:C0006435,7
umls:C0220744,2
umls:C0039075,1
umls:C0846967,7
umls:C0013990,8
umls:C0206644,7
umls:C0015300,6
umls:C0266184,7
umls:C0235942,10
umls:C1860042,2
umls:C0007135,10
umls:C0269102,7
umls:C0278802,7
umls:C1848587,10
umls:C0265886,7
umls:C0406709,7
umls:C1334177,10
umls:C0027086,6
umls:C1833340,10
umls:C0085159,7
umls:C3150773,8
umls:C0265857,10
umls:C0750929,6
umls:C0814161,3
umls:C0079748,7
umls:C0432124,7
umls:C1517658,7
umls:C0265610,10
umls:C1562113,6
umls:C0332877,8
umls:C0685707,7
umls:C0151846,7
umls:C0279746,7
umls:C0220754,9
umls:C0026755,9
umls:C0268581,9
umls:C0268680,9
umls:C3495427,3
umls:C0342793,4
umls:C1636149,4
umls:C0002066,8
umls:C0028817,8
umls:C0409224,8
umls:C0268493,8
umls:C1299884,6
umls:C1838244,10
umls:C2936332,10
umls:C0011876,6
umls:C0152101,6
umls:C1861366,6
umls:C0018522,6
umls:C3275750,6
umls:C2749477,6
umls:C0010051,6
umls:C2931244,6
umls:C0242350,6
umls:C0242488,4
umls:C0349566,7
umls:C0006023,10
umls:C0878773,7
umls:C0266642,7
umls:C0039584,6
umls:C2697452,6
umls:C0206703,1
umls:C0392005,6
umls:C0238261,3
umls:C0086237,7
umls:C0085417,8
umls:C1846647,8
umls:C0238644,6
umls:C0010334,6
umls:C0349604,10
umls:C0023223,8
umls:C0341503,6
umls:C1704423,3
umls:C0027439,7
umls:C0268494,7
umls:C1847024,7
umls:C1845069,7
umls:C1847132,7
umls:C1856439,7
umls:C0206735,7
umls:C1269684,7
umls:C0016689,7
umls:C1876214,7
umls:C0268495,7
umls:C0268503,7
umls:C0677944,7
umls:C0860594,6
umls:C0278881,7
umls:C1533041,8
umls:C0280209,6
umls:C0751202,7
umls:C0349515,7
umls:C0334439,7
umls:C0078921,7
umls:C0022078,10
umls:C1568247,7
umls:C2931205,7
umls:C0037354,6
umls:C2931599,10
umls:C0342552,7
umls:C0242994,5
umls:C1321872,6
umls:C0346977,7
umls:C0016629,7
umls:C1864730,10
umls:C1720887,7
umls:C2677102,10
umls:C0013481,10
umls:C0085700,7
umls:C1832702,10
umls:C0013362,3
umls:C0152027,3
umls:C0393907,7
umls:C0422879,7
umls:C0342895,2
umls:C3711531,10
umls:C0016395,7
umls:C0559483,4
umls:C0796070,2
umls:C0282102,4
umls:C3151568,4
umls:C1837026,4
umls:C2931752,4
umls:C0268747,4
umls:C0281508,4
umls:C3839868,4
umls:C1306571,7
umls:C0334695,8
umls:C0027686,4
umls:C0403397,4
umls:C2930471,7
umls:C1320468,10
umls:C1333003,4
umls:C0862312,4
umls:C0023439,4
umls:C0206724,4
umls:C0346976,6
umls:C0334513,4
umls:C0346109,4
umls:C2931785,5
umls:C1335976,4
umls:C0033804,6
umls:C1275278,7
umls:C1834582,7
umls:C0263666,5
umls:C2826025,2
umls:C0856742,2
umls:C0239179,4
umls:C0017923,7
umls:C1849722,7
umls:C1856304,7
umls:C1854678,7
umls:C0426359,7
umls:C0019214,10
umls:C0265261,7
umls:C1276035,6
umls:C0266526,1
umls:C1844579,1
umls:C0339539,1
umls:C0011253,8
umls:C0007766,2
umls:C0333068,8
umls:C0586358,7
umls:C0027612,10
umls:C2931161,4
umls:C0751354,10
umls:C0270853,2
umls:C0742034,2
umls:C3489733,4
umls:C0220669,4
umls:C0543874,4
umls:C1864923,7
umls:C0270715,8
umls:C0162375,3
umls:C0342642,10
umls:C1876187,10
umls:C0085681,10
umls:C0733682,10
umls:C0020631,10
umls:C2750078,8
umls:C3536983,7
umls:C0085682,8
umls:C0029442,10
umls:C3536984,10
umls:C1274103,10
umls:C0035579,10
umls:C1704375,10
umls:C0263628,8
umls:C3540852,10
umls:C0282201,5
umls:C0016065,7
umls:C0342643,8
umls:C1853256,10
umls:C1442839,10
umls:C0020492,10
umls:C0030472,8
umls:C0043046,6
umls:C3814879,10
umls:C0595916,3
umls:C1318558,6
umls:C0155912,7
umls:C0018922,10
umls:C0342951,10
umls:C1831619,10
umls:C2363065,4
umls:C0376356,10
umls:C0206632,10
umls:C0544755,10
umls:C3543856,10
umls:C0035086,6
umls:C0014145,4
umls:C0796113,6
umls:C1305968,3
umls:C0346183,10
umls:C1266090,3
umls:C0268713,6
umls:C3273019,10
umls:C1852759,10
umls:C2721603,10
umls:C1335177,6
umls:C1513269,7
umls:C3714581,7
umls:C0178879,7
umls:C0022681,4
umls:C3665489,10
umls:C0014511,6
umls:C0154823,7
umls:C1968949,6
umls:C0158698,10
umls:C0266449,8
umls:C0795820,10
umls:C3839280,10
umls:C0796003,10
umls:C0585216,10
umls:C0030846,4
umls:C0039978,10
umls:C0475813,10
umls:C0085636,7
umls:C0398788,10
umls:C1332183,7
umls:C0679465,10
umls:C0475858,7
umls:C0278878,10
umls:C0206064,10
umls:C0238357,9
umls:C2750061,9
umls:C2931826,9
umls:C3714580,9
umls:C0027125,9
umls:C0027127,9
umls:C3280112,9
umls:C1868433,9
umls:C0752355,9
umls:C1850599,9
umls:C0268445,9
umls:C1840392,8
umls:C0023066,6
umls:C3149517,9
umls:C0026826,4
umls:C0027019,4
umls:C0476273,10
umls:C1655035,8
umls:C0021290,5
umls:C1832399,8
umls:C1858278,4
umls:C0746674,10
umls:C2752147,8
umls:C1449861,7
umls:C0008625,7
umls:C0002514,7
umls:C0009181,6
umls:C1955934,10
umls:C0043345,7
umls:C0206750,6
umls:C0280313,7
umls:C0279651,8
umls:C0268113,10
umls:C1859040,10
umls:C1835934,10
umls:C1868139,7
umls:C1691228,10
umls:C0043167,10
umls:C0282488,5
umls:C0235419,10
umls:C0041349,10
umls:C2939174,10
umls:C2919861,10
umls:C0238304,8
umls:C0221248,3
umls:C1855681,7
umls:C0334070,10
umls:C3151403,4
umls:C2931820,4
umls:C1843792,4
umls:C0264733,6
umls:C1370419,4
umls:C0917981,10
umls:C0679225,7
umls:C0752166,8
umls:C2936862,8
umls:C0339526,10
umls:C1838261,9
umls:C0752123,10
umls:C0730362,3
umls:C0346010,9
umls:C0032326,9
umls:C1840572,9
umls:C0346011,9
umls:C0149781,9
umls:C0546483,9
umls:C1860850,9
umls:C0555214,9
umls:C1833104,10
umls:C3150617,10
umls:C1852092,10
umls:C1852093,10
umls:C0011882,10
umls:C0020461,10
umls:C1337112,10
umls:C2931332,10
umls:C0042512,10
umls:C0029227,10
umls:C0005686,10
umls:C0020621,4
umls:C0158981,6
umls:C2931834,6
umls:C0265344,3
umls:C0205734,10
umls:C0022638,10
umls:C0027773,6
umls:C0271695,3
umls:C2931833,6
umls:C0342283,10
umls:C0282193,4
umls:C0854359,10
umls:C0003128,10
umls:C0037061,10
umls:C0342289,4
umls:C0028949,8
umls:C0920563,7
umls:C0016978,6
umls:C0268425,6
umls:C1257965,10
umls:C3826457,10
umls:C0342273,7
umls:C1960636,10
umls:C0271689,5
umls:C1257958,1
umls:C1832386,6
umls:C0032969,2
umls:C0392514,4
umls:C0162275,10
umls:C1838100,10
umls:C1720863,4
umls:C0741682,10
umls:C1847555,10
umls:C0429468,7
umls:C1842090,6
umls:C0694533,3
umls:C1401162,3
umls:C0268186,6
umls:C0451819,3
umls:C0270549,10
umls:C0011859,7
umls:C0162810,10
umls:C1368871,8
umls:C0342277,4
umls:C0700323,7
umls:C0342940,3
umls:C0242007,3
umls:C0432217,2
umls:C1960272,6
umls:C0740277,7
umls:C0271642,7
umls:C0342546,3
umls:C0162671,7
umls:C1510504,3
umls:C0267964,6
umls:C1696708,7
umls:C0085860,3
umls:C3825462,3
umls:C3714506,7
umls:C0271710,7
umls:C0025945,9
umls:C1956089,10
umls:C0013473,4
umls:C0878684,7
umls:C0020597,6
umls:C1135188,3
umls:C0340543,4
umls:C0334054,6
umls:C1853136,7
umls:C1862596,6
umls:C1509147,5
umls:C0239549,6
umls:C0021776,10
umls:C0279719,6
umls:C0599750,7
umls:C0032371,6
umls:C0020457,6
umls:C0853892,7
umls:C0810031,6
umls:C0009376,4
umls:C0571622,7
umls:C0752105,7
umls:C0400914,6
umls:C0028084,3
umls:C0149939,6
umls:C0002892,5
umls:C0235950,6
umls:C0743140,6
umls:C1279645,3
umls:C0268576,10
umls:C0043325,6
umls:C0597167,6
umls:C1263722,6
umls:C0267952,7
umls:C1853490,4
umls:C0036508,6
umls:C2748055,6
umls:C0221155,10
umls:C0024266,4
umls:C1720816,7
umls:C3658248,1
umls:C0410180,4
umls:C2931174,2
umls:C0854148,5
umls:C0342784,4
umls:C0040188,4
umls:C3828492,6
umls:C0021775,4
umls:C0030809,5
umls:C1720861,4
umls:C0857116,9
umls:C0233601,7
umls:C0342573,1
umls:C0575090,3
umls:C0002965,4
umls:C0153014,7
umls:C0240805,6
umls:C0042875,7
umls:C0457193,5
umls:C0271711,7
umls:C1333387,10
umls:C1861355,8
umls:C0036262,10
umls:C0856727,4
umls:C0342790,2
umls:C1849157,8
umls:C0752196,5
umls:C0600327,7
umls:C0271994,7
umls:C1708272,6
umls:C0687132,5
umls:C1260894,7
umls:C1532480,7
umls:C0276623,4
umls:C0002991,2
umls:C2830460,7
umls:C0155668,4
umls:C0033839,2
umls:C3826153,7
umls:C1112213,8
umls:C3554224,6
umls:C0403502,8
umls:C3824872,3
umls:C0037285,3
umls:C0266470,4
umls:C0264413,6
umls:C1277187,7
umls:C0041318,4
umls:C0860163,7
umls:C0221252,7
umls:C0238402,4
umls:C0271641,7
umls:C1864623,10
umls:C1833102,6
umls:C0038187,2
umls:C1853564,6
umls:C1956415,6
umls:C0013405,10
umls:C0024421,6
umls:C0009677,6
umls:C0020440,2
umls:C0012739,4
umls:C0018674,4
umls:C0022346,4
umls:C3658294,4
umls:C0398621,9
umls:C0040046,6
umls:C0338573,8
umls:C0267412,10
umls:C0237997,4
umls:C0019154,7
umls:C0272363,4
umls:C1865145,10
umls:C0742472,10
umls:C2584409,7
umls:C2586031,4
umls:C0039240,7
umls:C0856761,7
umls:C0023234,4
umls:C0079102,7
umls:C0553681,2
umls:C0220663,7
umls:C1837008,7
umls:C2931135,7
umls:C1862264,7
umls:C0005744,7
umls:C0678230,7
umls:C1862261,7
umls:C1862260,7
umls:C2239120,7
umls:C1879643,4
umls:C0423113,7
umls:C0206723,8
umls:C0010093,7
umls:C0346178,7
umls:C0015423,7
umls:C1318541,8
umls:C0221060,2
umls:C1266118,7
umls:C0346304,10
umls:C0266572,7
umls:C0334342,2
umls:C0948896,4
umls:C0029182,4
umls:C0019086,7
umls:C1882229,7
umls:C0342549,4
umls:C1839040,2
umls:C0012655,7
umls:C1838979,7
umls:C0023264,10
umls:C0042790,10
umls:C0012634,6
umls:C0017168,2
umls:C1300127,10
umls:C0162323,6
umls:C0043092,1
umls:C0521515,8
umls:C3550234,2
umls:C0339527,2
umls:C0270724,3
umls:C2751842,3
umls:C1857747,3
umls:C2750220,3
umls:C0338473,3
umls:C2931845,3
umls:C0038814,10
umls:C0473780,4
umls:C0018523,3
umls:C0086445,10
umls:C0040015,4
umls:C0392678,3
umls:C0151281,4
umls:C0035220,10
umls:C0877008,4
umls:C0272285,2
umls:C1264031,4
umls:C1868251,4
umls:C0029134,4
umls:C0268575,6
umls:C2349404,7
umls:C1856113,7
umls:C0266239,7
umls:C1368911,7
umls:C1332128,2
umls:C3161329,6
umls:C0032227,4
umls:C1858562,7
umls:C1785148,7
umls:C1863204,7
umls:C1854442,7
umls:C1863753,7
umls:C0406704,7
umls:C0038987,7
umls:C1851878,7
umls:C0005689,7
umls:C0265554,7
umls:C2931019,7
umls:C0339182,7
umls:C0206674,7
umls:C0018194,7
umls:C1561549,3
umls:C0206139,5
umls:C0038367,7
umls:C0585213,4
umls:C0241069,7
umls:C0002452,4
umls:C0029417,2
umls:C0013502,6
umls:C0152244,6
umls:C0406557,7
umls:C0221269,2
umls:C1266089,10
umls:C1333878,2
umls:C0392077,6
umls:C0036095,7
umls:C0848283,10
umls:C0206706,1
umls:C1561989,7
umls:C0162361,4
umls:C0276262,2
umls:C0238394,8
umls:C0272187,9
umls:C0031762,6
umls:C0016470,6
umls:C0269084,7
umls:C0008149,7
umls:C0700345,4
umls:C0477474,5
umls:C0015556,7
umls:C0025295,1
umls:C0003862,5
umls:C0342731,6
umls:C0003165,4
umls:C0038826,4
umls:C0035854,7
umls:C1290886,4
umls:C1861303,3
umls:C3826069,6
umls:C0025229,4
umls:C0037116,6
umls:C0240035,10
umls:C1536085,4
umls:C0032300,6
umls:C0025290,7
umls:C0155862,4
umls:C1698484,10
umls:C2607914,7
umls:C0149896,10
umls:C0001630,4
umls:C1838062,2
umls:C0393682,2
umls:C0234461,2
umls:C1842564,2
umls:C0338430,2
umls:C0751495,4
umls:C0454578,2
umls:C0234533,10
umls:C0751919,2
umls:C0242287,2
umls:C3150970,6
umls:C3150971,6
umls:C0024694,6
umls:C1709457,6
umls:C0009761,6
umls:C0024954,10
umls:C0950124,5
umls:C0017570,6
umls:C0153635,6
umls:C3839184,6
umls:C0346360,6
umls:C2732618,6
umls:C1527408,6
umls:C0949059,2
umls:C3472623,6
umls:C0280474,6
umls:C0334292,6
umls:C3272809,6
umls:C0280131,6
umls:C0334525,10
umls:C0349632,6
umls:C0334355,6
umls:C0030326,8
umls:C0263012,8
umls:C3266123,6
umls:C0278480,8
umls:C0278851,6
umls:C0021432,7
umls:C1333116,6
umls:C3146254,8
umls:C0278484,10
umls:C1266045,6
umls:C0751691,7
umls:C1266177,6
umls:C0349633,10
umls:C1336753,2
umls:C1275419,10
umls:C1707440,2
umls:C2987120,10
umls:C3501844,10
umls:C3472608,7
umls:C0431128,8
umls:C0457179,7
umls:C1263887,6
umls:C0027653,6
umls:C0854750,7
umls:C1333119,6
umls:C0234894,10
umls:C0243038,7
umls:C0334424,6
umls:C1333280,4
umls:C0010635,2
umls:C1334015,7
umls:C0854988,7
umls:C1334720,10
umls:C1304321,6
umls:C0346388,10
umls:C1412036,4
umls:C0349620,2
umls:C1853124,5
umls:C1260325,4
umls:C0475801,4
umls:C0278882,7
umls:C1849452,7
umls:C1142025,6
umls:C0238348,7
umls:C0334307,6
umls:C1321489,3
umls:C0848860,6
umls:C0149722,6
umls:C0850639,6
umls:C2931201,10
umls:C0259781,6
umls:C1302808,6
umls:C3280492,3
umls:C0016204,3
umls:C0345964,6
umls:C1335114,10
umls:C0267561,3
umls:C0265306,8
umls:C0220697,8
umls:C1868111,8
umls:C0796147,8
umls:C0342418,8
umls:C1868120,8
umls:C2974527,8
umls:C0020655,8
umls:C0026633,7
umls:C0158734,8
umls:C0014850,4
umls:C1848411,10
umls:C0265535,8
umls:C0265553,8
umls:C0175701,6
umls:C0078982,8
umls:C0339510,7
umls:C1510460,2
umls:C0345354,4
umls:C1395852,8
umls:C1275078,7
umls:C0796281,7
umls:C0262374,4
umls:C0003466,7
umls:C1305108,7
umls:C1398297,8
umls:C0029294,8
umls:C0020534,8
umls:C0242172,7
umls:C0268228,10
umls:C1519523,7
umls:C0008780,3
umls:C0266999,7
umls:C0037221,3
umls:C1274290,4
umls:C0278619,7
umls:C1849394,6
umls:C1970163,6
umls:C0339541,6
umls:C0035313,6
umls:C0271185,6
umls:C0010418,4
umls:C0339462,6
umls:C0877024,7
umls:C1274233,8
umls:C1846582,3
umls:C1848533,6
umls:C0752262,7
umls:C0037822,7
umls:C0022340,10
umls:C1846142,10
umls:C1853761,4
umls:C0265965,6
umls:C0268238,7
umls:C0268596,7
umls:C0020757,8
umls:C0020758,10
umls:C0079154,4
umls:C0338831,4
umls:C0853193,7
umls:C1840333,9
umls:C0020522,7
umls:C0035457,7
umls:C0795836,6
umls:C0403601,9
umls:C0042065,6
umls:C1854365,2
umls:C0262985,6
umls:C0403367,8
umls:C0729552,2
umls:C0220647,8
umls:C0270823,10
umls:C0024145,2
umls:C1860518,2
umls:C3277619,2
umls:C0008058,2
umls:C0393591,2
umls:C0275544,2
umls:C0795953,9
umls:C1839909,9
umls:C1844006,9
umls:C0262593,6
umls:C0431886,9
umls:C2936786,9
umls:C0266304,6
umls:C1135161,6
umls:C1866130,6
umls:C2930984,2
umls:C2749982,2
umls:C1866077,2
umls:C0040437,2
umls:C1832916,5
umls:C0339535,7
umls:C0268138,7
umls:C1853102,7
umls:C1866504,7
umls:C0004044,7
umls:C0018834,7
umls:C0032229,8
umls:C0263490,7
umls:C3146250,7
umls:C0220722,2
umls:C2985318,6
umls:C0746883,7
umls:C0268136,2
umls:C3665419,10
umls:C0278983,10
umls:C0751039,2
umls:C0079588,6
umls:C0393576,9
umls:C0687751,9
umls:C0000744,10
umls:C1847987,8
umls:C0699739,4
umls:C1833219,4
umls:C0268689,10
umls:C2717865,7
umls:C0268690,10
umls:C0399447,6
umls:C0342646,10
umls:C0221468,10
umls:C0410438,6
umls:C1859592,10
umls:C0858321,7
umls:C0263746,4
umls:C3826758,3
umls:C0238990,3
umls:C0409957,8
umls:C0747079,7
umls:C0702167,7
umls:C1384641,10
umls:C0280217,10
umls:C1619692,1
umls:C0206526,6
umls:C1970028,8
umls:C0553720,10
umls:C0553730,4
umls:C0265292,10
umls:C0483368,7
umls:C0856830,10
umls:C0409896,10
umls:C2936719,6
umls:C0242217,10
umls:C0342684,6
umls:C3151752,6
umls:C0585539,3
umls:C0030779,6
umls:C0748397,6
umls:C2931048,6
umls:C0079584,6
umls:C0851135,2
umls:C0001361,6
umls:C1291316,6
umls:C0003028,6
umls:C3662483,8
umls:C0015938,6
umls:C0221715,10
umls:C0015645,1
umls:C1857395,6
umls:C0015624,3
umls:C0238052,4
umls:C0262401,10
umls:C0795889,4
umls:C2940786,4
umls:C0270612,10
umls:C0221163,8
umls:C0024043,4
umls:C1853578,7
umls:C1833213,7
umls:C0012715,7
umls:C3810090,7
umls:C0004782,4
umls:C0854279,7
umls:C0041351,6
umls:C2675866,10
umls:C1840646,10
umls:C1852091,10
umls:C1855548,10
umls:C0238621,10
umls:C0017979,10
umls:C1962972,7
umls:C0334294,10
umls:C0496870,10
umls:C0751435,8
umls:C0043144,6
umls:C0268242,10
umls:C2675646,10
umls:C1866282,10
umls:C0037899,10
umls:C1719788,10
umls:C2674766,10
umls:C1720189,10
umls:C0684219,10
umls:C1720416,4
umls:C2677843,10
umls:C2678478,5
umls:C0010598,5
umls:C0150063,7
umls:C0338484,2
umls:C0178417,10
umls:C3150852,4
umls:C0263383,7
umls:C0432252,5
umls:C0432273,5
umls:C1843330,5
umls:C1866176,5
umls:C1843323,5
umls:C1866079,5
umls:C0432272,5
umls:C1866080,5
umls:C0015806,10
umls:C0029410,10
umls:C0016664,3
umls:C0019557,4
umls:C1851402,1
umls:C0265301,4
umls:C0549523,7
umls:C0024901,5
umls:C3824901,6
umls:C0391816,7
umls:C2700265,7
umls:C0549567,7
umls:C3152204,7
umls:C1863198,7
umls:C0011989,1
umls:C1266127,4
umls:C0206138,7
umls:C0265961,10
umls:C2675236,10
umls:C2677637,10
umls:C2673759,10
umls:C2673761,10
umls:C0432330,10
umls:C0395971,10
umls:C0475811,10
umls:C0265345,3
umls:C0221348,3
umls:C2675066,3
umls:C0423848,3
umls:C0008733,3
umls:C0024214,3
umls:C0278504,6
umls:C1262289,10
umls:C3711383,3
umls:C0020678,10
umls:C0340014,7
umls:C0078981,7
umls:C0042344,4
umls:C0346053,8
umls:C0220767,8
umls:C1876203,8
umls:C1516061,8
umls:C1706004,7
umls:C1850386,10
umls:C3245525,10
umls:C0235840,10
umls:C0221036,1
umls:C0001197,10
umls:C0035228,5
umls:C0086468,7
umls:C0342788,6
umls:C0010246,3
umls:C0750194,8
umls:C0220656,2
umls:C1856934,4
umls:C0268374,4
umls:C0014527,4
umls:C0266159,4
umls:C0079301,4
umls:C0080333,7
umls:C0079683,8
umls:C0013903,4
umls:C0457013,4
umls:C0024748,7
umls:C1257960,7
umls:C0342474,4
umls:C0151467,8
umls:C3151055,4
umls:C0030581,7
umls:C0038586,6
umls:C0677483,10
umls:C0349217,4
umls:C1858154,7
umls:C1867005,7
umls:C3809137,7
umls:C0007196,6
umls:C1861861,3
umls:C0151517,7
umls:C0242404,7
umls:C3665594,2
umls:C3697716,10
umls:C1710026,2
umls:C0027668,2
umls:C0334267,8
umls:C1708751,4
umls:C0279609,7
umls:C1845407,3
umls:C1744705,3
umls:C0085635,7
umls:C1858806,6
umls:C1845862,2
umls:C0574080,7
umls:C2675179,7
umls:C0339002,2
umls:C0023009,10
umls:C1854776,9
umls:C0034072,10
umls:C1842160,2
umls:C0270969,7
umls:C0342749,4
umls:C0272183,4
umls:C1855456,5
umls:C0162820,9
umls:C1970441,6
umls:C1867441,6
umls:C0023462,6
umls:C0455825,7
umls:C0271084,5
umls:C0205700,6
umls:C0442887,3
umls:C0205824,4
umls:C0577698,3
umls:C0037278,2
umls:C0017667,3
umls:C2930826,5
umls:C2678493,7
umls:C1860406,7
umls:C2750789,7
umls:C2745945,7
umls:C1842914,7
umls:C1828210,7
umls:C2674009,7
umls:C0339508,10
umls:C0730292,10
umls:C0017605,4
umls:C1854065,2
umls:C1832174,7
umls:C0339515,6
umls:C0265233,4
umls:C1263858,6
umls:C1842898,6
umls:C0457133,10
umls:C0265221,4
umls:C0240340,10
umls:C0206733,10
umls:C1568248,7
umls:C3280041,7
umls:C0271097,7
umls:C3668948,4
umls:C0342801,2
umls:C2750088,4
umls:C0854467,2
umls:C0677491,5
umls:C0568062,10
umls:C0037275,10
umls:C0027498,7
umls:C0949690,4
umls:C3266877,7
umls:C0920028,8
umls:C2697368,10
umls:C0268548,7
umls:C0023281,7
umls:C0018500,7
umls:C0021833,7
umls:C0267941,7
umls:C0392707,4
umls:C3714753,6
umls:C0426970,3
umls:C0017926,4
umls:C0001126,7
umls:C1865349,6
umls:C0270629,9
umls:C1142127,3
umls:C0545074,3
umls:C0149778,2
umls:C1856895,4
umls:C0751748,10
umls:C0346156,7
umls:C0268497,10
umls:C1849140,10
umls:C0016412,10
umls:C0206627,6
umls:C0340968,7
umls:C0220701,6
umls:C0342623,6
umls:C1290807,7
umls:C0022610,4
umls:C0919907,8
umls:C2931001,10
umls:C0302359,6
umls:C0205721,2
umls:C1306122,7
umls:C0343055,6
umls:C0268529,8
umls:C0007398,7
umls:C2986717,2
umls:C0020617,8
umls:C1841679,7
umls:C1867801,7
umls:C1698581,10
umls:C0241397,7
umls:C2699746,7
umls:C1836876,4
umls:C3280113,4
umls:C3501848,10
umls:C1512433,7
umls:C1303009,4
umls:C0795949,4
umls:C1852581,4
umls:C0270851,2
umls:C0159020,2
umls:C0376532,4
umls:C3502809,4
umls:C1848213,4
umls:C1844696,4
umls:C0265251,4
umls:C0265293,4
umls:C0262436,4
umls:C1845235,4
umls:C0025237,4
umls:C1846129,4
umls:C1845902,4
umls:C1868720,4
umls:C0220769,4
umls:C2746068,4
umls:C2748918,4
umls:C0021847,4
umls:C0018824,10
umls:C0795690,7
umls:C0009086,2
umls:C0042749,7
umls:C0259810,7
umls:C1848199,3
umls:C0265215,3
umls:C2678503,10
umls:C2939465,10
umls:C0340364,7
umls:C0025995,10
umls:C1863512,6
umls:C1858160,10
umls:C1868598,10
umls:C1868597,10
umls:C1868599,10
umls:C0015802,7
umls:C1832588,7
umls:C1881254,7
umls:C1290514,4
umls:C0085695,7
umls:C1852020,7
umls:C0035312,5
umls:C0600518,7
umls:C0339513,7
umls:C0279734,7
umls:C0543541,9
umls:C0268654,9
umls:C0276609,4
umls:C1844830,10
umls:C1844831,10
umls:C1844862,10
umls:C0152415,6
umls:C0040409,9
umls:C0432103,10
umls:C0000833,3
umls:C1862103,10
umls:C0265260,10
umls:C1856738,10
umls:C1832708,10
umls:C3554446,10
umls:C2930970,10
umls:C3809104,10
umls:C1861385,10
umls:C1306065,10
umls:C1266044,10
umls:C0175700,10
umls:C0263874,4
umls:C0240912,4
umls:C3840085,6
umls:C1864356,7
umls:C0270968,6
umls:C0751337,2
umls:C1858664,4
umls:C0268060,4
umls:C2827503,4
umls:C0268059,4
umls:C0014800,10
umls:C1843247,2
umls:C1861975,1
umls:C0152426,10
umls:C0175692,2
umls:C0431399,10
umls:C0268362,7
umls:C0020497,7
umls:C0268363,7
umls:C0268335,7
umls:C0268358,7
umls:C0023931,7
umls:C0268345,7
umls:C0002949,10
umls:C0268360,7
umls:C1852924,7
umls:C2674706,7
umls:C0039504,7
umls:C0848548,7
umls:C0003855,7
umls:C3150909,6
umls:C0029899,1
umls:C0042140,7
umls:C0206647,7
umls:C0016663,7
umls:C0042024,4
umls:C0221775,7
umls:C0079294,7
umls:C0011330,10
umls:C3203359,10
umls:C0009353,1
umls:C0037005,7
umls:C0007871,6
umls:C0021818,4
umls:C0037578,7
umls:C0029453,6
umls:C1390474,1
umls:C3693482,8
umls:C0085179,6
umls:C1859069,1
umls:C0432253,7
umls:C0009326,4
umls:C1707508,7
umls:C0406500,10
umls:C0029166,6
umls:C0542514,3
umls:C1568272,6
umls:C3665732,8
umls:C0268338,10
umls:C1968804,10
umls:C1274789,10
umls:C1866423,7
umls:C0019243,10
umls:C0024198,6
umls:C1260903,6
umls:C1260403,7
umls:C2752081,7
umls:C0948162,10
umls:C0574014,8
umls:C0022577,5
umls:C0728936,10
umls:C2584620,7
umls:C1274355,10
umls:C1285498,1
umls:C0156181,7
umls:C0022672,4
umls:C0277355,4
umls:C0445118,7
umls:C0524702,7
umls:C1257930,7
umls:C0025303,7
umls:C0740858,6
umls:C2363973,6
umls:C0311343,10
umls:C0854248,3
umls:C0524688,10
umls:C0272350,6
umls:C0162529,4
umls:C0031144,7
umls:C0009766,7
umls:C0406097,6
umls:C0699753,7
umls:C0238013,6
umls:C0011608,7
umls:C0342287,10
umls:C0002888,4
umls:C0271972,10
umls:C0349464,7
umls:C0039841,6
umls:C0795833,3
umls:C1861313,2
umls:C1456246,8
umls:C0240414,10
umls:C0264122,7
umls:C1321313,10
umls:C1847827,7
umls:C0003950,7
umls:C0175691,7
umls:C3272841,2
umls:C1969799,7
umls:C0265343,10
umls:C0013393,7
umls:C1837549,10
umls:C0850741,4
umls:C0600427,4
umls:C1850155,8
umls:C0024689,6
umls:C0023283,5
umls:C0028433,8
umls:C0024950,8
umls:C0009763,8
umls:C0041582,3
umls:C0160680,7
umls:C0042131,6
umls:C0917715,6
umls:C0030491,6
umls:C0023646,5
umls:C0546884,7
umls:C0030583,2
umls:C0039263,4
umls:C0029883,4
umls:C0010043,7
umls:C0042134,2
umls:C0085437,7
umls:C0038325,7
umls:C0025297,2
umls:C0018128,4
umls:C0432289,7
umls:C1444680,8
umls:C1568363,6
umls:C0267398,2
umls:C0271055,7
umls:C0281658,4
umls:C3258293,10
umls:C0877015,1
umls:C0010495,4
umls:C0597984,8
umls:C0268381,6
umls:C1335392,10
umls:C0917996,5
umls:C0856738,8
umls:C3178801,6
umls:C0001849,5
umls:C0340288,5
umls:C0280631,3
umls:C0012813,7
umls:C3805083,7
umls:C0020097,7
umls:C0333297,10
umls:C0205622,2
umls:C0006264,4
umls:C0024449,6
umls:C0008728,6
umls:C0016033,6
umls:C1857100,4
umls:C0029437,10
umls:C0242381,6
umls:C0431121,10
umls:C2711110,8
umls:C0029118,6
umls:C2729169,8
umls:C0035328,4
umls:C0406702,3
umls:C1720965,3
umls:C1850343,7
umls:C1864389,7
umls:C0010964,10
umls:C0153252,3
umls:C0268141,6
umls:C1968561,2
umls:C1859974,3
umls:C0019337,7
umls:C1306214,7
umls:C0026858,3
umls:C0033931,4
umls:C0271742,3
umls:C0002171,6
umls:C2609247,5
umls:C0543698,5
umls:C1843096,2
umls:C0149955,2
umls:C0205874,8
umls:C3809781,8
umls:C1862852,8
umls:C1096249,4
umls:C0268342,10
umls:C2936777,10
umls:C0345407,10
umls:C0035439,5
umls:C1446648,10
umls:C1704380,7
umls:C0268631,10
umls:C0006112,10
umls:C1301721,10
umls:C0423063,10
umls:C1864498,6
umls:C1864499,6
umls:C1970011,4
umls:C2675491,4
umls:C1857663,4
umls:C2675191,4
umls:C0333457,4
umls:C0266464,10
umls:C0265286,9
umls:C1846431,9
umls:C2750737,10
umls:C2750471,10
umls:C2931459,10
umls:C0334281,6
umls:C0473133,10
umls:C0278498,6
umls:C0151544,2
umls:C3163918,3
umls:C0496836,10
umls:C0278987,7
umls:C0272079,4
umls:C0033802,10
umls:C1866636,4
umls:C3150596,4
umls:C0740302,2
umls:C1802398,6
umls:C1292779,6
umls:C0220685,4
umls:C1835437,4
umls:C1836080,4
umls:C2020284,4
umls:C0265279,4
umls:C1851536,4
umls:C0700635,4
umls:C1858079,4
umls:C0796173,4
umls:C1836683,4
umls:C1840452,4
umls:C1855310,4
umls:C0265280,4
umls:C0410480,4
umls:C0542428,4
umls:C1836081,4
umls:C1852989,4
umls:C0006262,4
umls:C0040560,4
umls:C1328407,4
umls:C0040561,7
umls:C0035127,4
umls:C0001079,10
umls:C0344290,4
umls:C0022360,7
umls:C1442965,6
umls:C0025990,10
umls:C1456822,7
umls:C3541456,10
umls:C1857299,4
umls:C0233656,8
umls:C0158564,4
umls:C0008449,8
umls:C0268357,4
umls:C0268336,7
umls:C0339563,4
umls:C0155366,4
umls:C0427305,3
umls:C1857781,10
umls:C0243002,10
umls:C0011981,10
umls:C1859133,10
umls:C0034960,10
umls:C2749346,10
umls:C0871215,7
umls:C0008445,10
umls:C1849334,10
umls:C1862112,10
umls:C1853733,7
umls:C2931082,10
umls:C1851316,7
umls:C0019114,4
umls:C1868570,4
umls:C0233849,4
umls:C1848634,3
umls:C3151138,3
umls:C1568249,3
umls:C0456909,3
umls:C0339534,7
umls:C1850442,7
umls:C0022797,10
umls:C0087031,9
umls:C1847640,5
umls:C1837610,10
umls:C0006271,7
umls:C0154026,7
umls:C0153629,7
umls:C0022744,7
umls:C0022283,7
umls:C1096274,7
umls:C0857516,7
umls:C0086437,1
umls:C0268351,2
umls:C1837187,2
umls:C2931134,2
umls:C3276539,2
umls:C0268350,2
umls:C3280794,2
umls:C0578575,10
umls:C0730295,4
umls:C0406549,10
umls:C0398595,10
umls:C0006434,4
umls:C0011609,10
umls:C0040954,7
umls:C0014335,7
umls:C0031347,7
umls:C0343192,6
umls:C0032533,7
umls:C0553982,10
umls:C0029295,7
umls:C2747839,7
umls:C0522631,10
umls:C1879321,10
umls:C0403416,10
umls:C1318520,10
umls:C0268750,7
umls:C0398593,4
umls:C1328843,7
umls:C0003949,3
umls:C2986665,10
umls:C0520687,10
umls:C0023464,2
umls:C0265604,10
umls:C2347126,10
umls:C0221043,8
umls:C1449843,8
umls:C0033805,7
umls:C0037088,8
umls:C0268436,7
umls:C1721005,6
umls:C1864002,10
umls:C1852372,10
umls:C3541471,10
umls:C1850598,10
umls:C0342778,7
umls:C1852373,4
umls:C0432409,7
umls:C0349410,8
umls:C1836607,4
umls:C1866785,4
umls:C1834659,4
umls:C0333440,2
umls:C1847823,3
umls:C2608087,3
umls:C0175702,4
umls:C3711384,4
umls:C0848237,7
umls:C0221500,4
umls:C0948710,7
umls:C3661519,3
umls:C0031029,7
umls:C0740447,7
umls:C0041182,6
umls:C0432233,10
umls:C1860823,10
umls:C0020555,10
umls:C1840362,10
umls:C2216702,6
umls:C1857034,7
umls:C0751003,4
umls:C1962921,7
umls:C2700425,7
umls:C0410719,10
umls:C0268356,3
umls:C2937359,7
umls:C0036310,10
umls:C0011436,10
umls:C2931187,6
umls:C0263664,7
umls:C1260965,3
umls:C1855305,10
umls:C1859406,10
umls:C1832274,4
umls:C1833308,4
umls:C0234166,10
umls:C0085292,6
umls:C0393541,4
umls:C2931276,10
umls:C0428791,3
umls:C0265552,6
umls:C1858084,4
umls:C0265235,4
umls:C3278138,4
umls:C0158252,4
umls:C0265282,4
umls:C2676840,4
umls:C0265210,2
umls:C0017606,7
umls:C0281899,4
umls:C1852529,10
umls:C0015674,7
umls:C0271583,10
umls:C0150055,10
umls:C0271738,4
umls:C3279899,8
umls:C2931104,8
umls:C3277723,8
umls:C0268543,10
umls:C1955869,6
umls:C1332852,10
umls:C0238399,10
umls:C0000735,6
umls:C1860715,10
umls:C1328479,2
umls:C3149841,3
umls:C0476122,10
umls:C1336899,2
umls:C0268125,10
umls:C0311375,4
umls:C1744558,10
umls:C1334647,2
umls:C0278791,6
umls:C0024282,4
umls:C1855081,2
umls:C0431350,2
umls:C1843366,10
umls:C3179455,10
umls:C1866293,3
umls:C2931258,3
umls:C1832976,3
umls:C1867326,3
umls:C0730290,10
umls:C1857743,10
umls:C0020490,2
umls:C1833564,3
umls:C0339530,6
umls:C1858080,6
umls:C1536451,4
umls:C3669212,3
umls:C1608410,7
umls:C0003635,10
umls:C0344955,7
umls:C0750937,2
umls:C1865872,10
umls:C0263454,7
umls:C2677362,4
umls:C0032768,4
umls:C0019360,10
umls:C3278384,10
umls:C1516211,4
umls:C1370889,4
umls:C0043037,6
umls:C1832525,4
umls:C1847667,4
umls:C0010073,10
umls:C2937288,4
umls:C1840364,4
umls:C3489796,4
umls:C0346303,4
umls:C1846357,3
umls:C1853153,3
umls:C1857662,3
umls:C3150796,3
umls:C0014065,10
umls:C0271270,4
umls:C2673377,2
umls:C0033788,2
umls:C0038506,4
umls:C1854896,2
umls:C1861367,7
umls:C1861348,7
umls:C0220664,7
umls:C1862102,7
umls:C1853137,7
umls:C0220708,7
umls:C1735591,7
umls:C1861368,7
umls:C0424139,7
umls:C1853255,7
umls:C0432040,7
umls:C1862139,7
umls:C0015461,10
umls:C0268139,10
umls:C0342288,10
umls:C1839989,10
umls:C3711379,10
umls:C0023290,7
umls:C0030481,2
umls:C0040592,5
umls:C0162853,10
umls:C0341305,10
umls:C1853392,8
umls:C1519680,7
umls:C1707758,2
umls:C3553943,6
umls:C0032987,7
umls:C0341106,4
umls:C1142553,10
umls:C1335103,7
umls:C0009663,6
umls:C2981712,7
umls:C0032749,2
umls:C0024440,2
umls:C0235369,7
umls:C0271907,7
umls:C1567664,6
umls:C0149978,6
umls:C0679362,6
umls:C1837355,6
umls:C3150732,6
umls:C2750784,6
umls:C0265191,8
umls:C1843512,6
umls:C0266484,6
umls:C0019191,6
umls:C0342649,7
umls:C0266525,10
umls:C0266548,10
umls:C1263853,6
umls:C1838577,6
umls:C1838647,3
umls:C1868310,3
umls:C3151202,3
umls:C1288283,7
umls:C0154835,3
umls:C1836336,6
umls:C0040435,6
umls:C1849678,10
umls:C1291312,9
umls:C0265289,4
umls:C0265290,4
umls:C0231712,4
umls:C0265294,4
umls:C0432215,7
umls:C0158481,4
umls:C1843004,7
umls:C1858593,4
umls:C1291490,10
umls:C1833382,7
umls:C1850096,7
umls:C0032051,4
umls:C0034345,7
umls:C0267918,10
umls:C1856728,5
umls:C1848651,5
umls:C1842362,6
umls:C1846343,3
umls:C0221023,2
umls:C0333007,10
umls:C0019101,5
umls:C2931206,3
umls:C1848410,8
umls:C0085090,4
umls:C1855794,7
umls:C1968699,7
umls:C1869118,6
umls:C0749420,7
umls:C0339864,7
umls:C1861828,10
umls:C1861829,10
umls:C1833118,10
umls:C0158551,4
umls:C0393697,4
umls:C1834877,6
umls:C3711749,10
umls:C1848336,7
umls:C1839874,7
umls:C0403720,7
umls:C1845168,7
umls:C0878681,7
umls:C0035091,7
umls:C1845167,7
umls:C0543669,6
umls:C0023518,4
umls:C0023481,9
umls:C0856053,4
umls:C0340971,7
umls:C0272160,4
umls:C0746882,5
umls:C3160738,7
umls:C2931245,4
umls:C0263940,3
umls:C0338457,7
umls:C1857277,10
umls:C1704378,10
umls:C0456844,10
umls:C1843164,2
umls:C0234133,7
umls:C1865869,5
umls:C1859309,10
umls:C3280402,10
umls:C0349631,8
umls:C0393931,9
umls:C1838603,5
umls:C3151206,5
umls:C1531646,5
umls:C0730307,8
umls:C1838457,10
umls:C2675520,10
umls:C0015558,10
umls:C0031149,10
umls:C0042162,10
umls:C0238122,10
umls:C0153579,10
umls:C0015414,10
umls:C0699889,10
umls:C0741885,2
umls:C1861906,10
umls:C0948303,2
umls:C0278689,8
umls:C1333992,8
umls:C0861727,10
umls:C0862506,6
umls:C2675080,6
umls:C3549742,4
umls:C0154084,2
umls:C1334411,7
umls:C0334359,6
umls:C0815107,6
umls:C1332442,8
umls:C1266082,10
umls:C0751416,10
umls:C1514428,2
umls:C0424091,7
umls:C1512441,10
umls:C1336048,8
umls:C0392998,8
umls:C2986662,3
umls:C3536893,7
umls:C3274709,10
umls:C0347176,10
umls:C0334371,8
umls:C1333991,8
umls:C1847836,8
umls:C2673584,8
umls:C3665492,7
umls:C0857007,8
umls:C0017551,4
umls:C3502107,7
umls:C0701818,7
umls:C1866495,7
umls:C0264641,7
umls:C1858386,3
umls:C2751763,3
umls:C0878683,7
umls:C0342388,10
umls:C0271801,2
umls:C0342419,6
umls:C0948740,9
umls:C1855425,4
umls:C2750433,4
umls:C3280974,4
umls:C0221363,4
umls:C0795830,4
umls:C0242473,4
umls:C1866855,6
umls:C0751602,6
umls:C0085621,6
umls:C1858712,6
umls:C3711371,6
umls:C0221166,7
umls:C2931355,6
umls:C0431388,6
umls:C1838192,2
umls:C1846648,2
umls:C3150973,2
umls:C0268262,7
umls:C1864651,7
umls:C2673635,7
umls:C2673266,7
umls:C0006852,7
umls:C0278493,6
umls:C0404521,6
umls:C1867717,7
umls:C0006846,6
umls:C0042251,7
umls:C0268255,7
umls:C1112211,7
umls:C0268468,2
umls:C1865581,4
umls:C0751436,6
umls:C0268465,8
umls:C0268467,2
umls:C1857242,10
umls:C1855849,7
umls:C1835614,10
umls:C0036396,5
umls:C0024031,9
umls:C1740801,10
umls:C3553291,8
umls:C0268119,4
umls:C1839333,2
umls:C3463992,2
umls:C2931919,3
umls:C0796085,2
umls:C2931426,2
umls:C0438414,2
umls:C0700201,4
umls:C0020796,10
umls:C1855861,9
umls:C0342748,9
umls:C1850959,4
umls:C1852795,4
umls:C0339284,4
umls:C0016781,4
umls:C1835398,6
umls:C0004698,6
umls:C0205770,6
umls:C0022783,6
umls:C0042076,6
umls:C1860789,6
umls:C1859972,6
umls:C2931713,6
umls:C0431109,6
umls:C3553606,6
umls:C2750850,6
umls:C1851970,10
umls:C0161406,6
umls:C0041374,6
umls:C0020627,6
umls:C0023652,6
umls:C0008325,7
umls:C0346210,6
umls:C0280856,6
umls:C0085138,8
umls:C1260899,6
umls:C0021071,8
umls:C0346402,6
umls:C0206700,8
umls:C0085253,7
umls:C0003463,7
umls:C0162628,8
umls:C0376549,6
umls:C0011630,6
umls:C0206710,6
umls:C0162627,8
umls:C0017416,7
umls:C0085694,6
umls:C0333693,8
umls:C0333873,6
umls:C0334279,8
umls:C0153382,6
umls:C0079740,4
umls:C0349532,8
umls:C0004997,3
umls:C0149826,6
umls:C3714542,4
umls:C0153446,6
umls:C1334603,6
umls:C0334254,10
umls:C0079770,6
umls:C1319317,6
umls:C0007867,6
umls:C0266453,2
umls:C0259785,6
umls:C0242594,4
umls:C1167791,7
umls:C1368910,8
umls:C0334233,4
umls:C0162839,8
umls:C1276146,6
umls:C1368404,6
umls:C2987252,8
umls:C0949506,2
umls:C0206702,6
umls:C0267111,6
umls:C3489398,6
umls:C0278519,6
umls:C0751560,8
umls:C0276199,8
umls:C0002886,6
umls:C0740083,8
umls:C0278695,8
umls:C1168198,6
umls:C1266144,8
umls:C0220611,8
umls:C0025164,6
umls:C0558355,7
umls:C0334488,3
umls:C0079747,2
umls:C1335703,6
umls:C1332153,6
umls:C0262659,2
umls:C0854802,8
umls:C0747273,8
umls:C0278726,10
umls:C0751366,7
umls:C1336538,2
umls:C0346359,2
umls:C0813147,8
umls:C0334616,8
umls:C0267026,8
umls:C0855002,7
umls:C1275859,2
umls:C1336084,10
umls:C1333782,9
umls:C1370932,8
umls:C1112356,10
umls:C1833561,6
umls:C0152096,5
umls:C0341022,8
umls:C0206718,7
umls:C0036280,10
umls:C0033822,10
umls:C0334344,8
umls:C0155158,2
umls:C0751038,2
umls:C2347761,2
umls:C0238019,3
umls:C0238232,6
umls:C1443971,6
umls:C0220648,8
umls:C0563211,7
umls:C1335968,2
umls:C0349560,7
umls:C1704230,10
umls:C0862878,8
umls:C0238031,2
umls:C0220645,10
umls:C0860580,2
umls:C1266065,10
umls:C1335168,8
umls:C3272820,8
umls:C2987397,2
umls:C0334106,8
umls:C1266005,7
umls:C0751569,10
umls:C0586354,5
umls:C0334244,7
umls:C0334245,2
umls:C0861876,10
umls:C0855095,6
umls:C0348374,3
umls:C1321898,5
umls:C1167716,5
umls:C0280255,10
umls:C0341823,10
umls:C0406502,10
umls:C0920421,7
umls:C1412014,10
umls:C0154091,8
umls:C0014818,3
umls:C0396072,2
umls:C0016977,4
umls:C0854985,4
umls:C1334708,6
umls:C0282606,4
umls:C0334552,8
umls:C0238137,10
umls:C0035288,4
umls:C0001422,3
umls:C0085412,8
umls:C0751364,7
umls:C0748505,8
umls:C0153340,10
umls:C0024303,2
umls:C3698226,10
umls:C1707439,8
umls:C2348820,4
umls:C1335931,8
umls:C1333978,10
umls:C0153453,4
umls:C0334471,2
umls:C0474832,3
umls:C0334246,7
umls:C0016510,2
umls:C1266178,3
umls:C0282313,7
umls:C0269155,7
umls:C0278511,10
umls:C1519787,10
umls:C1334054,7
umls:C1292777,7
umls:C0149614,7
umls:C1517445,4
umls:C0153574,3
umls:C0278486,7
umls:C0085435,5
umls:C0031039,7
umls:C1335356,10
umls:C0041326,1
umls:C0677866,10
umls:C1334820,10
umls:C0345984,10
umls:C0341281,4
umls:C2931068,10
umls:C0542271,8
umls:C0334252,7
umls:C1266009,9
umls:C1266167,10
umls:C0001442,7
umls:C1336905,7
umls:C1301361,7
umls:C0334365,10
umls:C0242510,4
umls:C0334050,3
umls:C2585570,6
umls:C0278876,4
umls:C0019112,4
umls:C1868683,8
umls:C0279583,7
umls:C0346993,3
umls:C0006160,7
umls:C0085702,3
umls:C0033844,8
umls:C0742960,9
umls:C1708349,10
umls:C0862636,10
umls:C1281300,6
umls:C0457334,3
umls:C1710095,8
umls:C0345992,8
umls:C1335101,2
umls:C0265479,2
umls:C1510426,6
umls:C1704421,10
umls:C1332200,6
umls:C0279765,7
umls:C0679427,6
umls:C0014868,7
umls:C1439275,10
umls:C1333443,7
umls:C1332629,6
umls:C1333977,2
umls:C0010631,8
umls:C0751675,4
umls:C2986664,10
umls:C1334260,7
umls:C0235590,8
umls:C3163843,10
umls:C0278687,3
umls:C0948627,2
umls:C1851584,4
umls:C0600040,6
umls:C0345602,3
umls:C1707441,6
umls:C0334247,5
umls:C0280746,7
umls:C1333763,10
umls:C1266166,10
umls:C0278582,10
umls:C0302180,7
umls:C0854196,10
umls:C1512260,10
umls:C0264732,7
umls:C0344453,7
umls:C0085668,10
umls:C0432411,2
umls:C1334920,10
umls:C0206717,4
umls:C1527383,8
umls:C0278487,6
umls:C3275124,10
umls:C0000814,5
umls:C1148551,10
umls:C0013930,10
umls:C0741884,2
umls:C1706806,10
umls:C0278517,7
umls:C0001621,6
umls:C1266046,10
umls:C0278798,7
umls:C0278506,6
umls:C1266010,10
umls:C2697638,6
umls:C0347129,7
umls:C3146271,2
umls:C0442871,6
umls:C0026636,7
umls:C0206719,2
umls:C2699572,6
umls:C1275465,10
umls:C0275518,7
umls:C1370962,6
umls:C1266043,7
umls:C0279602,6
umls:C0343731,10
umls:C1302547,7
umls:C0349667,8
umls:C1333085,6
umls:C3150911,6
umls:C0267008,6
umls:C0279622,6
umls:C0474822,6
umls:C0267187,10
umls:C2945767,10
umls:C1333396,8
umls:C0023601,4
umls:C0039503,6
umls:C0334409,10
umls:C0020981,6
umls:C0238410,10
umls:C0700367,10
umls:C1334413,7
umls:C0862030,8
umls:C2739810,8
umls:C0237053,7
umls:C1334281,4
umls:C0936282,8
umls:C3496549,10
umls:C1867981,6
umls:C1334206,3
umls:C0272293,10
umls:C1336219,8
umls:C0266258,4
umls:C1838601,3
umls:C0014852,7
umls:C0278803,6
umls:C3805742,10
umls:C2987191,7
umls:C1335113,10
umls:C1518005,7
umls:C0334291,7
umls:C0149640,8
umls:C1859844,3
umls:C3151086,3
umls:C1301509,10
umls:C0422943,3
umls:C1864669,6
umls:C1864670,6
umls:C1876161,10
umls:C0341703,2
umls:C1836448,2
umls:C3710589,6
umls:C0751656,6
umls:C0751657,7
umls:C0267548,6
umls:C1853147,4
umls:C0398777,4
umls:C2749604,4
umls:C2931788,4
umls:C0156149,4
umls:C2004435,4
umls:C0008521,4
umls:C0268743,4
umls:C1720452,4
umls:C0270970,5
umls:C0162739,10
umls:C0016867,6
umls:C0002992,4
umls:C2237660,7
umls:C0035320,7
umls:C0887976,7
umls:C0008526,4
umls:C3714534,7
umls:C0151594,2
umls:C0701807,7
umls:C0235618,4
umls:C0001733,10
umls:C2931268,4
umls:C1268937,4
umls:C0221021,4
umls:C1533060,4
umls:C3463916,6
umls:C0151565,4
umls:C0948264,8
umls:C1956258,7
umls:C0018081,6
umls:C0035022,7
umls:C1408247,4
umls:C0398762,7
umls:C0271083,4
umls:C0744972,4
umls:C0302358,2
umls:C0747919,6
umls:C0398677,8
umls:C0030343,7
umls:C0343381,4
umls:C0272241,4
umls:C0242301,10
umls:C1319200,4
umls:C0403411,4
umls:C0036830,7
umls:C0339546,4
umls:C1846843,7
umls:C1837481,7
umls:C2931073,4
umls:C1845540,2
umls:C1845341,2
umls:C0338986,6
umls:C0342194,7
umls:C1842444,7
umls:C0349476,7
umls:C1321809,7
umls:C0018022,8
umls:C3165522,8
umls:C0266283,7
umls:C0271791,7
umls:C1096666,7
umls:C0271790,7
umls:C1839141,10
umls:C0278861,7
umls:C0007384,7
umls:C0156841,7
umls:C0221777,6
umls:C0242520,7
umls:C1336748,7
umls:C0342158,5
umls:C0342199,10
umls:C0346182,7
umls:C0342162,8
umls:C3711378,10
umls:C1836474,10
umls:C0268281,7
umls:C1850451,4
umls:C0277561,4
umls:C0277560,4
umls:C0268279,4
umls:C1843028,3
umls:C2931767,3
umls:C3501265,3
umls:C1838702,7
umls:C0878676,6
umls:C0268464,9
umls:C0302362,6
umls:C3150413,4
umls:C1846672,4
umls:C1847759,4
umls:C2936406,10
umls:C0431376,4
umls:C1836485,4
umls:C0393807,4
umls:C2079538,7
umls:C0220636,4
umls:C0949857,3
umls:C0406767,6
umls:C1846564,3
umls:C0751603,2
umls:C1858479,2
umls:C1850303,9
umls:C0221238,4
umls:C2751288,10
umls:C1842930,10
umls:C1859966,2
umls:C2267231,5
umls:C0410192,10
umls:C2749864,8
umls:C3149750,8
umls:C3151513,8
umls:C0221018,6
umls:C1832394,7
umls:C1832845,7
umls:C2931208,7
umls:C0270749,10
umls:C0752122,2
umls:C1842031,10
umls:C1867155,10
umls:C1531624,10
umls:C0035869,7
umls:C1389022,6
umls:C2750514,9
umls:C0015530,9
umls:C0553692,9
umls:C0162869,8
umls:C0038534,9
umls:C0042485,9
umls:C2921106,6
umls:C1842372,4
umls:C0751530,6
umls:C0033117,10
umls:C3266076,4
umls:C1837210,4
umls:C0406735,4
umls:C3489529,4
umls:C0344724,4
umls:C0392006,4
umls:C1834372,4
umls:C0751362,4
umls:C1456240,4
umls:C0009088,3
umls:C0751229,3
umls:C0917799,7
umls:C0694563,3
umls:C0751757,6
umls:C0752285,4
umls:C0206085,7
umls:C0033139,4
umls:C0751772,2
umls:C1838571,6
umls:C1832978,4
umls:C1847626,4
umls:C1844678,7
umls:C1397523,7
umls:C2748801,10
umls:C3808397,10
umls:C1302995,10
umls:C1282359,6
umls:C0028850,7
umls:C0268579,6
umls:C1261175,9
umls:C0496915,5
umls:C1274224,4
umls:C1563719,8
umls:C0395920,7
umls:C0023380,7
umls:C0266468,9
umls:C1864827,4
umls:C0266508,6
umls:C0399367,8
umls:C1846171,2
umls:C0796244,2
umls:C0796124,2
umls:C0796250,2
umls:C0266463,2
umls:C0393706,2
umls:C0220775,2
umls:C0020225,3
umls:C0393698,2
umls:C0221760,8
umls:C0270742,2
umls:C0234523,2
umls:C2750063,2
umls:C2750064,2
umls:C1405854,7
umls:C1834336,2
umls:C1834339,2
umls:C2750537,2
umls:C3711377,2
umls:C3711389,2
umls:C1844020,7
umls:C0011813,7
umls:C2931228,7
umls:C3178805,7
umls:C0852711,7
umls:C1845026,7
umls:C0549410,7
umls:C0344923,8
umls:C2750457,9
umls:C3150975,9
umls:C1850127,3
umls:C1318518,8
umls:C1842475,7
umls:C2751290,7
umls:C1868569,7
umls:C1320640,7
umls:C0432317,4
umls:C2677349,4
umls:C3150989,4
umls:C0079299,7
umls:C0549225,4
umls:C1832926,7
umls:C0151785,10
umls:C0038450,4
umls:C3151000,6
umls:C1853120,6
umls:C0016049,6
umls:C0333293,4
umls:C0280317,7
umls:C1112160,6
umls:C0521626,10
umls:C0241981,10
umls:C0879257,10
umls:C2985220,10
umls:C0003838,7
umls:C0013882,6
umls:C0234253,10
umls:C1840529,2
umls:C1840235,2
umls:C1968843,2
umls:C1868114,2
umls:C0030569,2
umls:C0040588,7
umls:C0266667,2
umls:C1531773,7
umls:C0085786,5
umls:C0265783,6
umls:C0265633,10
umls:C1290344,2
umls:C0278828,8
umls:C0795803,10
umls:C0162836,8
umls:C1271404,7
umls:C0266153,4
umls:C0085625,7
umls:C1710501,2
umls:C1846632,4
umls:C3661524,6
umls:C0023860,5
umls:C1843808,3
umls:C2677491,3
umls:C0014117,2
umls:C2987143,3
umls:C1838612,7
umls:C0036216,6
umls:C1852438,6
umls:C3150899,10
umls:C3809665,10
umls:C0079757,9
umls:C1857574,6
umls:C0344529,6
umls:C2748502,6
umls:C1868672,10
umls:C0268732,6
umls:C0403398,6
umls:C0403399,10
umls:C1837501,10
umls:C2677180,4
umls:C0349231,4
umls:C2239351,7
umls:C1865614,10
umls:C1837317,7
umls:C3554649,7
umls:C3151065,7
umls:C3808377,7
umls:C0302254,7
umls:C0241826,4
umls:C0344522,7
umls:C0014070,4
umls:C1969106,6
umls:C3179239,6
umls:C0029443,6
umls:C1861678,10
umls:C2749485,10
umls:C0041848,6
umls:C0003886,2
umls:C0751576,9
umls:C1837552,4
umls:C3150414,4
umls:C1837229,4
umls:C1834673,4
umls:C1838263,4
umls:C1864869,3
umls:C3151001,3
umls:C1272174,3
umls:C1411966,6
umls:C0035333,10
umls:C0156259,4
umls:C3825718,3
umls:C1854467,6
umls:C2677109,6
umls:C0029191,6
umls:C0023351,6
umls:C0745287,6
umls:C0013884,7
umls:C2937365,10
umls:C1096584,8
umls:C0028242,6
umls:C0007361,7
umls:C0277525,6
umls:C0343460,6
umls:C2314882,10
umls:C0007947,3
umls:C1998083,6
umls:C0036916,10
umls:C0085166,7
umls:C1858915,4
umls:C1561546,7
umls:C2919166,3
umls:C0948908,10
umls:C1865974,4
umls:C1858763,10
umls:C1863599,10
umls:C1861065,10
umls:C1837342,10
umls:C2673677,10
umls:C0410204,10
umls:C1450052,10
umls:C0154143,7
umls:C0015468,10
umls:C0340429,10
umls:C1837091,6
umls:C0752087,8
umls:C0751339,9
umls:C1837122,7
umls:C0751885,7
umls:C2931107,7
umls:C0393934,10
umls:C1838163,3
umls:C1832529,3
umls:C0006105,3
umls:C0752156,7
umls:C1302772,8
umls:C0398635,3
umls:C0265333,4
umls:C1336548,7
umls:C0748159,10
umls:C1832243,6
umls:C1861864,6
umls:C2676271,6
umls:C0018805,6
umls:C2750995,6
umls:C1383860,6
umls:C1841658,6
umls:C1846862,10
umls:C1562585,6
umls:C0277553,10
umls:C1845151,10
umls:C1865020,3
umls:C3150943,3
umls:C0034091,7
umls:C1300585,8
umls:C1168328,7
umls:C0585955,8
umls:C0796563,3
umls:C0521683,10
umls:C0795878,6
umls:C0155017,6
umls:C1301511,8
umls:C1334407,7
umls:C0431111,3
umls:C0730294,8
umls:C1856251,10
umls:C3661525,10
umls:C0023885,6
umls:C2931299,7
umls:C0030499,7
umls:C0747256,7
umls:C1846006,8
umls:C1861862,6
umls:C3715165,6
umls:C2751427,6
umls:C3665332,6
umls:C1844376,10
umls:C1970859,10
umls:C0025289,7
umls:C0272220,7
umls:C0948343,6
umls:C0742596,7
umls:C1857744,4
umls:C2732267,7
umls:C1846574,10
umls:C0342907,6
umls:C1969115,6
umls:C0242216,7
umls:C0342880,6
umls:C0272048,7
umls:C1866095,4
umls:C1848488,4
umls:C1864746,4
umls:C1861481,4
umls:C3281128,4
umls:C1842778,4
umls:C3280777,4
umls:C3280781,4
umls:C3809858,4
umls:C0041207,6
umls:C1389018,7
umls:C1389016,6
umls:C0344622,7
umls:C0279607,4
umls:C1857780,3
umls:C1857779,3
umls:C1857821,3
umls:C1970161,3
umls:C2673874,3
umls:C0403553,3
umls:C0275814,10
umls:C1847089,7
umls:C0871099,7
umls:C0342870,10
umls:C0685838,10
umls:C0342510,10
umls:C3280428,10
umls:C0585006,7
umls:C1285291,7
umls:C1533628,10
umls:C1832378,3
umls:C1838701,7
umls:C1832475,7
umls:C1848638,7
umls:C0206586,10
umls:C1857768,2
umls:C0240063,8
umls:C0266551,8
umls:C1863727,2
umls:C2684859,5
umls:C1868685,5
umls:C0272199,10
umls:C3824874,2
umls:C2931071,7
umls:C1332942,2
umls:C0275703,10
umls:C1275685,4
umls:C1332979,7
umls:C1167709,2
umls:C0343752,10
umls:C3825816,2
umls:C0522624,7
umls:C0751878,2
umls:C0036939,7
umls:C0206178,5
umls:C0014236,5
umls:C1328550,7
umls:C1720775,7
umls:C0013589,7
umls:C0433992,7
umls:C1876182,3
umls:C3151107,3
umls:C0521691,3
umls:C0265964,10
umls:C0266004,10
umls:C1835672,10
umls:C2675750,10
umls:C0265336,10
umls:C1865234,10
umls:C0007642,10
umls:C3665333,8
umls:C0042594,10
umls:C0026884,10
umls:C0395973,10
umls:C0452138,8
umls:C2931923,10
umls:C0025221,10
umls:C0395976,7
umls:C0238286,2
umls:C0473577,7
umls:C1961835,7
umls:C0544795,8
umls:C2750079,7
umls:C0005754,8
umls:C2751088,6
umls:C3150730,7
umls:C0002881,3
umls:C1853205,2
umls:C1387532,10
umls:C0263678,10
umls:C0035436,7
umls:C0393626,4
umls:C0022353,6
umls:C0041912,5
umls:C1096154,8
umls:C3665655,10
umls:C0030409,7
umls:C0002882,10
umls:C1622345,4
umls:C0030524,7
umls:C0936273,4
umls:C0206246,6
umls:C1719316,4
umls:C0155127,4
umls:C1690006,4
umls:C0206247,6
umls:C2751492,10
umls:C1853833,10
umls:C1832567,6
umls:C2678485,6
umls:C0241005,6
umls:C3495498,6
umls:C3280443,6
umls:C2931337,6
umls:C1832560,6
umls:C0233480,6
umls:C0795806,6
umls:C1969621,7
umls:C2750467,4
umls:C2750466,4
umls:C3279791,4
umls:C3279790,4
umls:C2675212,7
umls:C1969038,7
umls:C0013902,7
umls:C1862190,7
umls:C1969039,7
umls:C1862191,7
umls:C1862326,7
umls:C1832168,7
umls:C1262483,4
umls:C1861453,7
umls:C1306589,6
umls:C0268435,7
umls:C1970456,8
umls:C3711368,8
umls:C0521648,8
umls:C0852283,8
umls:C3161105,8
umls:C0746105,8
umls:C3179539,8
umls:C1832550,4
umls:C0238378,4
umls:C3161106,8
umls:C2931829,10
umls:C1970291,4
umls:C1837728,10
umls:C1866777,10
umls:C1854058,10
umls:C1864041,4
umls:C0752160,4
umls:C1854158,4
umls:C1836439,8
umls:C1849096,8
umls:C1843851,8
umls:C1838867,4
umls:C0234665,3
umls:C1970005,2
umls:C0036069,7
umls:C0036996,7
umls:C0265275,3
umls:C1858672,4
umls:C2748541,6
umls:C3809311,6
umls:C0751122,4
umls:C1847720,10
umls:C1969081,10
umls:C1832600,10
umls:C0232347,10
umls:C1832187,7
umls:C1863655,7
umls:C0795841,6
umls:C1834460,6
umls:C1832244,6
umls:C1836155,6
umls:C1853863,6
umls:C1832828,4
umls:C0018776,4
umls:C1833236,10
umls:C1849813,10
umls:C2239101,4
umls:C2936458,10
umls:C0340420,10
umls:C0559106,3
umls:C0743125,6
umls:C0344917,10
umls:C3825246,10
umls:C0340354,7
umls:C0151236,10
umls:C1969057,6
umls:C1969056,6
umls:C0334230,10
umls:C0948249,7
umls:C1863925,8
umls:C1837618,8
umls:C0010314,10
umls:C1865270,3
umls:C2748440,3
umls:C0002063,4
umls:C1837713,10
umls:C0017160,2
umls:C0302809,5
umls:C3825568,6
umls:C0267446,2
umls:C2678473,10
umls:C0153637,7
umls:C0034012,10
umls:C3554225,7
umls:C1449647,10
umls:C3826128,4
umls:C0342543,2
umls:C0002438,6
umls:C3281125,10
umls:C0025472,1
umls:C3277671,1
umls:C0002896,7
umls:C0038002,6
umls:C0009812,1
umls:C1318533,1
umls:C1292754,1
umls:C0027013,7
umls:C1328061,7
umls:C1516553,7
umls:C1264195,7
umls:C1282609,10
umls:C0241868,7
umls:C1334665,7
umls:C0340987,7
umls:C0001546,4
umls:C1334968,7
umls:C0279549,2
umls:C0431693,9
umls:C2677773,9
umls:C0024473,9
umls:C0266383,10
umls:C1567426,8
umls:C1838670,6
umls:C0043379,8
umls:C0280028,10
umls:C0152095,8
umls:C0027828,7
umls:C1301145,7
umls:C2825139,5
umls:C1142272,10
umls:C1531551,8
umls:C0278787,10
umls:C0279641,8
umls:C1861848,8
umls:C0242184,4
umls:C0007279,8
umls:C1533592,8
umls:C0334419,8
umls:C0342777,8
umls:C0279821,8
umls:C1855008,10
umls:C0235222,7
umls:C0004606,10
umls:C0020546,7
umls:C1708350,7
umls:C0349535,8
umls:C3554516,8
umls:C1708353,8
umls:C1868633,8
umls:C0343467,7
umls:C0280216,7
umls:C0334416,8
umls:C1861195,4
umls:C0007274,4
umls:C0398648,4
umls:C0035326,4
umls:C0021308,4
umls:C0007772,7
umls:C0020732,4
umls:C0011057,10
umls:C0750151,4
umls:C1956391,5
umls:C0752351,6
umls:C0752140,7
umls:C0155305,6
umls:C0035302,10
umls:C0014591,7
umls:C0948201,6
umls:C0264683,10
umls:C0242584,4
umls:C0265808,6
umls:C0398356,4
umls:C0750145,8
umls:C0751711,7
umls:C1335929,9
umls:C0205834,6
umls:C1853554,8
umls:C1510497,4
umls:C0334237,8
umls:C0338455,7
umls:C0040021,4
umls:C0746730,9
umls:C1327915,3
umls:C1561921,2
umls:C0221028,9
umls:C0017924,5
umls:C0270984,7
umls:C1328348,7
umls:C0037231,6
umls:C0023882,10
umls:C1855627,6
umls:C1283723,10
umls:C0040558,6
umls:C3714233,8
umls:C0522070,8
umls:C0013386,7
umls:C2673535,2
umls:C0474368,6
umls:C0752202,6
umls:C0344307,7
umls:C1263855,7
umls:C0596240,7
umls:C1869117,2
umls:C1504405,2
umls:C0234252,10
umls:C2717866,2
umls:C2242577,10
umls:C0520947,10
umls:C1970431,4
umls:C1857800,7
umls:C0021846,7
umls:C0555278,6
umls:C0871189,7
umls:C2750451,7
umls:C1865018,6
umls:C3151431,6
umls:C0237314,6
umls:C0015499,7
umls:C0338575,4
umls:C1414509,7
umls:C0000832,10
umls:C0034040,4
umls:C0037198,10
umls:C0752155,7
umls:C0032045,5
umls:C0238096,7
umls:C0013922,9
umls:C0022865,7
umls:C0265706,3
umls:C0032807,7
umls:C0018991,6
umls:C1735901,7
umls:C1566590,6
umls:C0261806,7
umls:C0032797,7
umls:C1175175,5
umls:C0021295,5
umls:C0600503,7
umls:C0020640,9
umls:C0079027,7
umls:C0282492,7
umls:C0032343,7
umls:C0752138,7
umls:C0032788,7
umls:C0014849,6
umls:C2717899,10
umls:C0042850,10
umls:C0161530,7
umls:C0031542,7
umls:C0014836,7
umls:C0338586,10
umls:C0277919,10
umls:C0023220,7
umls:C2585317,7
umls:C1299567,6
umls:C0085650,6
umls:C0587044,4
umls:C0007688,7
umls:C0856892,7
umls:C0749087,7
umls:C0745497,7
umls:C1856883,7
umls:C0854142,6
umls:C0521533,7
umls:C0340293,3
umls:C0034341,4
umls:C0549289,7
umls:C2930802,7
umls:C0589110,7
umls:C0339499,7
umls:C0917805,10
umls:C0235522,7
umls:C2585350,10
umls:C2585684,6
umls:C1863370,3
umls:C1867146,3
umls:C0265308,2
umls:C0153398,1
umls:C0410005,8
umls:C1305420,7
umls:C0151740,2
umls:C0949595,4
umls:C0700502,7
umls:C0279665,10
umls:C0086367,10
umls:C0853662,6
umls:C0018050,10
umls:C1960447,9
umls:C0431637,4
umls:C0849777,3
umls:C2585739,10
umls:C0031256,3
umls:C0272340,10
umls:C0220992,7
umls:C0018129,7
umls:C0221065,7
umls:C0403529,4
umls:C0027814,7
umls:C1863767,7
umls:C0376154,7
umls:C0162538,10
umls:C0694562,6
umls:C0263009,1
umls:C1095979,10
umls:C0262586,5
umls:C0020455,6
umls:C1704216,10
umls:C0853602,7
umls:C0025309,9
umls:C1141926,6
umls:C0263313,10
umls:C1846008,10
umls:C0268080,1
umls:C2720163,7
umls:C2717836,10
umls:C0270709,6
umls:C0431108,6
umls:C0730321,7
umls:C1304147,10
umls:C0221033,10
umls:C0749098,7
umls:C0273058,7
umls:C0037367,7
umls:C0042880,7
umls:C0272320,7
umls:C0015519,4
umls:C1096116,7
umls:C0263675,7
umls:C0810006,7
umls:C1968740,7
umls:C1968739,7
umls:C1968741,7
umls:C1852429,3
umls:C1849236,7
umls:C0266537,10
umls:C0432230,10
umls:C1845118,6
umls:C0152441,6
umls:C0410536,6
umls:C0240635,6
umls:C3809250,7
umls:C0549306,6
umls:C1970109,8
umls:C3665704,10
umls:C1836681,10
umls:C1832884,2
umls:C0752124,10
umls:C0270862,2
umls:C0009421,4
umls:C1832903,2
umls:C0338488,7
umls:C0270860,2
umls:C2349453,2
umls:C1865322,7
umls:C0271386,10
umls:C0151857,10
umls:C1836395,10
umls:C0302539,2
umls:C0028968,3
umls:C0278110,10
umls:C1735856,2
umls:C0019270,7
umls:C0751360,9
umls:C1959600,9
umls:C0270959,9
umls:C1305409,6
umls:C0677779,6
umls:C0342770,7
umls:C2936826,7
umls:C1336840,7
umls:C0432562,7
umls:C0221292,6
umls:C0346172,7
umls:C2673196,6
umls:C0036489,6
umls:C1412481,6
umls:C1864205,6
umls:C1863051,6
umls:C2936350,6
umls:C0025427,6
umls:C0553757,10
umls:C0751895,9
umls:C0009676,8
umls:C0085631,4
umls:C0033893,6
umls:C0586323,8
umls:C0019342,6
umls:C0276226,7
umls:C0752308,4
umls:C0004161,8
umls:C0036659,4
umls:C0019345,8
umls:C0271051,7
umls:C0038366,6
umls:C0854193,6
umls:C0948163,5
umls:C1285261,4
umls:C0546127,7
umls:C0006109,7
umls:C0040262,6
umls:C0162550,7
umls:C0752332,6
umls:C0038019,8
umls:C0023176,7
umls:C0027441,8
umls:C0010356,4
umls:C0085257,8
umls:C0042847,10
umls:C0518455,8
umls:C0037304,6
umls:C0001940,2
umls:C0242670,8
umls:C0036980,9
umls:C0876926,8
umls:C0162526,5
umls:C0475072,8
umls:C0041657,7
umls:C0026644,8
umls:C0037942,10
umls:C0751863,10
umls:C0011992,6
umls:C0014557,6
umls:C0206613,8
umls:C0030975,4
umls:C0007020,8
umls:C0020524,6
umls:C3532942,6
umls:C0338657,7
umls:C0009460,4
umls:C0236656,8
umls:C0333559,7
umls:C1863535,8
umls:C1656427,6
umls:C0002623,10
umls:C0520574,10
umls:C3494652,10
umls:C0155210,8
umls:C3494623,2
umls:C0149645,8
umls:C0019357,4
umls:C1565249,8
umls:C1837173,6
umls:C0233763,7
umls:C0003113,10
umls:C1719777,10
umls:C0282350,7
umls:C0344882,2
umls:C1260405,2
umls:C0444720,6
umls:C1838022,6
umls:C1279420,3
umls:C2711029,6
umls:C0270791,8
umls:C0751007,8
umls:C0086181,2
umls:C0152424,3
umls:C0340291,10
umls:C0086133,7
umls:C1388177,2
umls:C0700613,10
umls:C3274516,10
umls:C0020903,10
umls:C0581386,10
umls:C3149462,7
umls:C0268312,7
umls:C0085923,6
umls:C0546983,6
umls:C0393561,7
umls:C0860628,10
umls:C3494360,2
umls:C2921138,2
umls:C0700361,2
umls:C0233477,7
umls:C1855553,2
umls:C0278076,7
umls:C2219848,6
umls:C0023212,4
umls:C0425258,6
umls:C0338585,6
umls:C0237123,4
umls:C1274323,10
umls:C0588008,7
umls:C0268734,6
umls:C2362914,7
umls:C0026961,1
umls:C1306889,7
umls:C0036358,6
umls:C0679401,7
umls:C0085280,4
umls:C0596270,6
umls:C0860209,6
umls:C0268392,10
umls:C0302164,10
umls:C0878486,7
umls:C1864952,3
umls:C0342278,3
umls:C0271690,3
umls:C0033953,4
umls:C1848862,6
umls:C2678312,6
umls:C1963745,8
umls:C0266313,5
umls:C0010200,5
umls:C0032310,5
umls:C2675470,5
umls:C0005138,5
umls:C2676832,5
umls:C0314657,5
umls:C1862874,5
umls:C0600519,1
umls:C0006272,7
umls:C0553980,5
umls:C0008767,5
umls:C0042420,7
umls:C0002994,7
umls:C0020651,2
umls:C2697310,5
umls:C3495566,5
umls:C0451718,5
umls:C0035067,7
umls:C0043049,4
umls:C0004604,9
umls:C0014867,7
umls:C0007775,7
umls:C0034734,7
umls:C0086769,7
umls:C0016052,7
umls:C2675929,10
umls:C0030922,4
umls:C0034931,6
umls:C0677614,7
umls:C0037316,7
umls:C0025048,7
umls:C0282507,4
umls:C0206172,10
umls:C0242707,9
umls:C0872084,7
umls:C0078888,7
umls:C0040961,7
umls:C0003129,7
umls:C2004491,4
umls:C3160733,7
umls:C0751813,7
umls:C0009940,7
umls:C0037384,7
umls:C0019212,8
umls:C0034628,7
umls:C0948347,4
umls:C0011616,4
umls:C0340100,10
umls:C0741949,7
umls:C0020540,4
umls:C0850149,1
umls:C0221765,7
umls:C2349195,7
umls:C0340552,7
umls:C0857172,7
umls:C0221232,1
umls:C0010201,2
umls:C0282667,5
umls:C3272265,4
umls:C0001883,9
umls:C0238284,10
umls:C0809983,2
umls:C0238705,6
umls:C0344783,6
umls:C0520575,7
umls:C0003460,7
umls:C0001818,8
umls:C0029942,7
umls:C0004059,3
umls:C0266294,8
umls:C0039235,8
umls:C0002020,7
umls:C0262395,7
umls:C0206061,4
umls:C0268790,6
umls:C0406317,10
umls:C0152128,10
umls:C1135194,7
umls:C3161650,6
umls:C0344911,4
umls:C0458219,6
umls:C1579029,7
umls:C1960870,7
umls:C0017086,6
umls:C2350873,3
umls:C2919414,7
umls:C3640053,7
umls:C0007192,4
umls:C2062905,7
umls:C0865800,6
umls:C0268560,8
umls:C0554985,8
umls:C0016751,9
umls:C0162819,7
umls:C0009938,5
umls:C3203356,4
umls:C0021296,7
umls:C0392106,7
umls:C1867596,10
umls:C0584984,8
umls:C3241945,8
umls:C0265099,10
umls:C0019151,5
umls:C1412000,7
umls:C0026505,7
umls:C0259744,7
umls:C2314994,4
umls:C0683381,4
umls:C0574002,6
umls:C1559093,10
umls:C0524582,10
umls:C0342727,10
umls:C3696376,6
umls:C1838877,7
umls:C2986691,6
umls:C1849193,8
umls:C0424790,8
umls:C0031212,4
umls:C1970757,3
umls:C0020620,7
umls:C0338507,2
umls:C0338483,7
umls:C0339278,4
umls:C1562894,4
umls:C1837974,4
umls:C1641846,4
umls:C0521723,4
umls:C0018179,4
umls:C0010035,10
umls:C0010038,4
umls:C0339273,4
umls:C0162281,4
umls:C0038457,4
umls:C2939149,4
umls:C0024776,10
umls:C0344505,3
umls:C2673630,10
umls:C3276096,10
umls:C3280785,10
umls:C0685889,10
umls:C3280795,10
umls:C0040761,10
umls:C0242855,10
umls:C2717907,10
umls:C3665605,2
umls:C0085614,8
umls:C1867403,3
umls:C0346188,8
umls:C1865926,2
umls:C1853995,2
umls:C0752210,2
umls:C3714094,2
umls:C0863106,4
umls:C0347950,6
umls:C1842534,10
umls:C3697355,2
umls:C0234251,7
umls:C1855369,10
umls:C3539013,10
umls:C0011226,6
umls:C0406811,7
umls:C2930995,6
umls:C0751093,10
umls:C0030848,1
umls:C0041972,7
umls:C0399379,1
umls:C0399380,10
umls:C0043020,1
umls:C0030804,1
umls:C0032273,6
umls:C0013312,1
umls:C0079293,1
umls:C0013743,1
umls:C0027531,7
umls:C0085119,10
umls:C0039981,5
umls:C0030794,7
umls:C1559081,7
umls:C0376480,7
umls:C0005592,5
umls:C0032965,5
umls:C0014661,6
umls:C0030489,3
umls:C0009021,6
umls:C0002390,7
umls:C0221204,5
umls:C0023364,10
umls:C3814880,1
umls:C0235989,1
umls:C1306557,6
umls:C0039496,2
umls:C1859047,4
umls:C0549622,7
umls:C0264545,8
umls:C0280218,7
umls:C0235259,10
umls:C0152268,6
umls:C2827436,6
umls:C1266165,5
umls:C1708502,5
umls:C1290073,1
umls:C0334443,4
umls:C0036877,7
umls:C1832273,1
umls:C0027613,6
umls:C2350236,8
umls:C0340542,4
umls:C0271429,4
umls:C1859726,2
umls:C1869122,10
umls:C0040433,3
umls:C0264757,6
umls:C0036329,2
umls:C0238113,1
umls:C0521720,2
umls:C0221763,6
umls:C0028734,1
umls:C0920372,7
umls:C0948954,5
umls:C0339277,10
umls:C1858968,10
umls:C1846545,10
umls:C1840427,10
umls:C0264000,10
umls:C0343073,6
umls:C0406757,10
umls:C1865409,4
umls:C1859807,6
umls:C0234132,10
umls:C0024814,10
umls:C1956125,10
umls:C1866053,10
umls:C2930797,10
umls:C0948368,6
umls:C0746982,10
umls:C1841972,4
umls:C3151192,3
umls:C3489532,3
umls:C0344530,7
umls:C3549845,2
umls:C0149841,2
umls:C0236964,4
umls:C0742395,7
umls:C2677889,6
umls:C0272027,6
umls:C2937227,6
umls:C0085576,4
umls:C0271979,7
umls:C1857728,10
umls:C1963943,8
umls:C0796004,2
umls:C0349653,2
umls:C2752007,10
umls:C1832736,2
umls:C1837396,10
umls:C0268595,2
umls:C1261502,3
umls:C0268292,3
umls:C1260386,4
umls:C3669121,7
umls:C1291314,4
umls:C3713420,1
umls:C3463917,7
umls:C3838731,3
umls:C0268293,7
umls:C1858854,7
umls:C0036344,7
umls:C0266432,4
umls:C0860158,4
umls:C1504412,4
umls:C2673497,4
umls:C1328577,4
umls:C1849508,3
umls:C0241775,7
umls:C1275282,2
umls:C1847501,10
umls:C3553859,10
umls:C1832855,10
umls:C1527348,10
umls:C0007001,6
umls:C1333488,10
umls:C1839130,2
umls:C0349578,10
umls:C0398368,10
umls:C0393702,4
umls:C0334352,10
umls:C0342739,7
umls:C2750824,10
umls:C0268384,6
umls:C0342613,6
umls:C0020551,7
umls:C0339562,6
umls:C0268406,6
umls:C2939462,6
umls:C0751448,6
umls:C0679407,6
umls:C1719315,6
umls:C0022806,10
umls:C0016085,4
umls:C0272247,10
umls:C0547030,6
umls:C0267839,6
umls:C0751658,8
umls:C0010266,3
umls:C0743711,6
umls:C0342618,6
umls:C0751498,6
umls:C0751409,6
umls:C0033075,6
umls:C0596452,6
umls:C0149893,10
umls:C0239233,10
umls:C1691013,4
umls:C0024439,4
umls:C1836373,4
umls:C3150415,4
umls:C0206711,10
umls:C3554449,8
umls:C1879526,8
umls:C0007528,8
umls:C1266119,4
umls:C0920184,8
umls:C0334357,8
umls:C0431129,8
umls:C0220620,8
umls:C0334558,2
umls:C1300347,7
umls:C1332556,8
umls:C0017097,2
umls:C3669016,10
umls:C0270952,4
umls:C2239246,10
umls:C0238196,10
umls:C3553788,7
umls:C1832466,7
umls:C0854706,5
umls:C0043541,3
umls:C0026718,3
umls:C2751825,4
umls:C3151406,4
umls:C1417838,4
umls:C0949331,4
umls:C1261504,7
umls:C0342500,10
umls:C0687149,7
umls:C1836706,7
umls:C1863959,7
umls:C3493776,7
umls:C1863961,7
umls:C1863960,7
umls:C1262098,7
umls:C0027145,7
umls:C0869147,7
umls:C0151516,6
umls:C2940785,7
umls:C1998045,7
umls:C3714618,7
umls:C0342127,7
umls:C0749424,3
umls:C0271335,7
umls:C0040115,6
umls:C0158983,7
umls:C0342114,7
umls:C0600086,7
umls:C1838990,10
umls:C3151897,10
umls:C0752197,10
umls:C0026766,5
umls:C0238111,7
umls:C0023795,1
umls:C1863844,2
umls:C1997910,2
umls:C0473219,10
umls:C0700634,10
umls:C3160858,10
umls:C1847352,8
umls:C3810405,8
umls:C1955871,8
umls:C0342705,8
umls:C1861305,10
umls:C0342282,10
umls:C1969652,10
umls:C1866656,10
umls:C1861028,10
umls:C0027122,10
umls:C0948192,9
umls:C0428796,5
umls:C1455780,5
umls:C0431863,10
umls:C1829844,6
umls:C0878521,7
umls:C0033835,7
umls:C2932715,7
umls:C2932716,7
umls:C1366550,7
umls:C1864100,7
umls:C0029440,7
umls:C0264009,7
umls:C0424621,7
umls:C0001432,4
umls:C0001433,7
umls:C0206642,7
umls:C1367554,8
umls:C0271862,8
umls:C0342346,8
umls:C1710140,7
umls:C0006664,7
umls:C0220659,3
umls:C0683382,7
umls:C0271527,7
umls:C0278864,8
umls:C0265593,7
umls:C3551954,4
umls:C0679268,4
umls:C1843920,3
umls:C3495676,7
umls:C0009730,9
umls:C1261470,9
umls:C3273035,10
umls:C0025299,9
umls:C1859486,7
umls:C0029411,6
umls:C1861514,6
umls:C0263538,6
umls:C2678439,6
umls:C1864694,2
umls:C0276088,10
umls:C0231819,2
umls:C1858673,4
umls:C3839957,8
umls:C0272175,2
umls:C1846790,7
umls:C1867234,8
umls:C1266138,8
umls:C3839822,8
umls:C0003810,8
umls:C1860787,2
umls:C0271761,8
umls:C1883694,8
umls:C0346251,8
umls:C1303073,7
umls:C1839564,10
umls:C0155320,9
umls:C3279564,9
umls:C0546966,10
umls:C0221260,7
umls:C0544849,3
umls:C1857316,10
umls:C0005937,10
umls:C0268540,10
umls:C0599035,10
umls:C1868684,10
umls:C3150705,2
umls:C0233715,10
umls:C1969443,7
umls:C1455728,4
umls:C0751486,4
umls:C0342791,7
umls:C0271714,10
umls:C1835887,10
umls:C2931832,10
umls:C0854211,6
umls:C0519030,10
umls:C2931207,4
umls:C2748572,3
umls:C0270777,3
umls:C0268448,9
umls:C1853942,2
umls:C0268457,2
umls:C0149904,6
umls:C1868679,7
umls:C2931875,10
umls:C0750927,10
umls:C0349391,10
umls:C0454651,10
umls:C0751050,10
umls:C0730557,7
umls:C0008060,7
umls:C1845668,7
umls:C1536500,10
umls:C0268490,10
umls:C0342733,10
umls:C0268621,10
umls:C1838333,1
umls:C0278804,7
umls:C0153426,2
umls:C0541912,8
umls:C2675746,4
umls:C2350242,3
umls:C0410539,4
umls:C1609538,7
umls:C0085568,6
umls:C1864445,10
umls:C0019625,10
umls:C0019618,10
umls:C0432262,10
umls:C0265339,6
umls:C0265338,7
umls:C2745948,10
umls:C0017567,10
umls:C0554114,10
umls:C1842180,8
umls:C0038505,8
umls:C0235752,8
umls:C2675370,8
umls:C0340803,10
umls:C0085932,7
umls:C0205788,8
umls:C1838625,10
umls:C0271287,10
umls:C1832918,6
umls:C0231230,10
umls:C1846496,2
umls:C0339651,4
umls:C0035690,6
umls:C0206604,4
umls:C0008055,4
umls:C0243010,10
umls:C0341306,7
umls:C0743178,7
umls:C1970879,8
umls:C1845073,8
umls:C1845117,8
umls:C1845919,8
umls:C2931839,8
umls:C0026919,7
umls:C1842398,8
umls:C1332884,7
umls:C0472817,5
umls:C1846344,3
umls:C2751312,3
umls:C1858054,6
umls:C0269209,6
umls:C0033680,7
umls:C0085628,7
umls:C1291610,10
umls:C1859722,8
umls:C3150833,3
umls:C1850671,10
umls:C0796022,6
umls:C3698541,6
umls:C0855056,6
umls:C0267785,6
umls:C0796094,6
umls:C0340952,5
umls:C1275122,3
umls:C1851526,3
umls:C0334347,3
umls:C0206171,4
umls:C0276640,3
umls:C0036992,6
umls:C0795887,7
umls:C0268155,3
umls:C1838568,7
umls:C0268118,2
umls:C0032320,4
umls:C0015408,7
umls:C0220988,2
umls:C1846265,7
umls:C0796016,8
umls:C0432365,8
umls:C1843832,7
umls:C2675747,10
umls:C0796135,6
umls:C1834481,2
umls:C3150690,2
umls:C0333062,8
umls:C1720771,7
umls:C1836122,3
umls:C0020877,10
umls:C0018188,10
umls:C0021843,4
umls:C0376620,6
umls:C0238067,3
umls:C0014356,4
umls:C0003462,10
umls:C0038012,3
umls:C0263859,3
umls:C0013289,10
umls:C0456103,3
umls:C3665339,3
umls:C0272192,3
umls:C0341268,3
umls:C0275551,3
umls:C0740451,5
umls:C0267465,3
umls:C0574960,4
umls:C0949272,3
umls:C0341332,3
umls:C0032080,3
umls:C2931133,3
umls:C0400847,3
umls:C1845076,7
umls:C1334228,10
umls:C1876181,7
umls:C0405469,3
umls:C0267380,5
umls:C0343052,7
umls:C0393484,4
umls:C0152081,10
umls:C0750046,3
umls:C0086447,8
umls:C3280586,4
umls:C0085399,3
umls:C0678201,6
umls:C1274282,5
umls:C0265281,4
umls:C0432227,4
umls:C1868616,4
umls:C0751335,4
umls:C1853710,4
umls:C3159322,4
umls:C1847406,4
umls:C1838492,4
umls:C3150755,4
umls:C2079540,4
umls:C0432228,4
umls:C0234245,6
umls:C1835677,10
umls:C3280099,10
umls:C0014008,10
umls:C0004310,10
umls:C0079295,7
umls:C1836284,7
umls:C0860439,7
umls:C0432315,7
umls:C0796274,7
umls:C0030442,7
umls:C0393540,7
umls:C3277076,9
umls:C1847711,9
umls:C1852242,7
umls:C3549447,7
umls:C1865323,7
umls:C2350350,7
umls:C0270816,2
umls:C0581882,2
umls:C0018989,10
umls:C1857572,4
umls:C2750450,4
umls:C1857569,4
umls:C1562689,4
umls:C0544008,7
umls:C1852555,4
umls:C0010037,4
umls:C0268532,9
umls:C0700359,4
umls:C1858051,2
umls:C1843355,10
umls:C2751310,3
umls:C0242528,1
umls:C2936861,6
umls:C0085569,6
umls:C0342488,6
umls:C0597853,9
umls:C0334331,7
umls:C0020595,7
umls:C0264638,9
umls:C1862170,9
umls:C0242129,7
umls:C0264639,10
umls:C0748073,10
umls:C0233532,8
umls:C2242703,10
umls:C0340908,3
umls:C1449842,7
umls:C1536220,4
umls:C0155800,10
umls:C1855465,6
umls:C3495438,6
umls:C1866422,6
umls:C0271093,6
umls:C0206525,7
umls:C0001168,8
umls:C1827301,10
umls:C1838644,2
umls:C0235272,10
umls:C0005974,6
umls:C0005942,5
umls:C0265295,8
umls:C1859148,10
umls:C3828476,5
umls:C0426070,7
umls:C0332568,4
umls:C1704328,7
umls:C0679403,6
umls:C0029405,7
umls:C3273089,4
umls:C0029459,8
umls:C0242699,2
umls:C0268413,10
umls:C0403566,5
umls:C1283620,7
umls:C0699848,7
umls:C1842884,10
umls:C0795855,8
umls:C0684743,10
umls:C0520477,10
umls:C0432242,6
umls:C0751779,10
umls:C0001825,10
umls:C0002625,10
umls:C0454582,10
umls:C0233652,10
umls:C0454643,10
umls:C0349390,10
umls:C1850106,8
umls:C1850554,10
umls:C1847593,10
umls:C0265274,10
umls:C1850555,10
umls:C1301937,10
umls:C1868594,5
umls:C1843315,5
umls:C0431375,4
umls:C0265224,7
umls:C1834523,7
umls:C0265213,7
umls:C0220662,7
umls:C0035353,7
umls:C3494422,10
umls:C1393851,7
umls:C1864873,7
umls:C0333027,7
umls:C0017980,8
umls:C1859198,9
umls:C1843183,9
umls:C1842197,9
umls:C0268126,2
umls:C0393590,6
umls:C1389280,6
umls:C0271567,1
umls:C1849779,1
umls:C2748571,1
umls:C3665349,4
umls:C0271789,4
umls:C0271586,7
umls:C0751230,1
umls:C0549414,6
umls:C1971021,6
umls:C0220748,10
umls:C0405578,6
umls:C0271560,6
umls:C0022573,6
umls:C0151971,6
umls:C0149887,6
umls:C0266013,7
umls:C0342326,10
umls:C0679381,10
umls:C0272342,7
umls:C1848534,8
umls:C0795905,10
umls:C1837839,10
umls:C3279695,10
umls:C1838021,10
umls:C2931193,10
umls:C2678474,3
umls:C2750091,3
umls:C1860752,3
umls:C1843807,4
umls:C1306587,4
umls:C3151781,8
umls:C2931843,4
umls:C0346054,8
umls:C0268553,10
umls:C1832661,2
umls:C1833736,6
umls:C2750076,6
umls:C1969785,6
umls:C0015652,10
umls:C0343386,7
umls:C1969419,7
umls:C1836544,3
umls:C1836522,3
umls:C0016788,9
umls:C1836182,10
umls:C0796068,7
umls:C2749484,7
umls:C1622510,7
umls:C0795796,7
umls:C1336257,10
umls:C0279068,4
umls:C0279982,7
umls:C0346396,10
umls:C1266186,10
umls:C1517444,7
umls:C0272167,4
umls:C1859405,7
umls:C1562901,10
umls:C3645536,7
umls:C1836860,10
umls:C0751859,7
umls:C0268483,9
umls:C0393556,2
umls:C2931356,10
umls:C0431370,2
umls:C1849128,2
umls:C2673883,7
umls:C1858392,7
umls:C2673885,7
umls:C0311245,7
umls:C0796176,10
umls:C0457928,10
umls:C0032994,6
umls:C0432321,2
umls:C1851573,2
umls:C0432322,2
umls:C1275114,2
umls:C1843761,2
umls:C0268371,2
umls:C2673612,2
umls:C2673611,2
umls:C0079136,2
umls:C0474887,7
umls:C0474886,7
umls:C0002876,7
umls:C2751987,4
umls:C3280799,4
umls:C0431369,4
umls:C0872410,4
umls:C0028961,4
umls:C0014394,3
umls:C0554309,3
umls:C0270327,4
umls:C1970848,3
umls:C0684324,6
umls:C1867299,3
umls:C0015379,4
umls:C1833296,7
umls:C1836076,2
umls:C0271901,10
umls:C0265201,2
umls:C3551173,2
umls:C0265283,10
umls:C0432201,10
umls:C1862414,10
umls:C1848934,10
umls:C1835564,10
umls:C2931648,10
umls:C0175778,10
umls:C1858266,4
umls:C2711630,10
umls:C3151085,4
umls:C0015269,10
umls:C3668942,10
umls:C0023076,10
umls:C1836447,7
umls:C0332878,6
umls:C1866294,2
umls:C0268344,4
umls:C0019250,10
umls:C1370740,10
umls:C1833245,6
umls:C0796037,6
umls:C3280214,6
umls:C0268563,4
umls:C0375021,7
umls:C2677586,9
umls:C1859093,9
umls:C1850395,9
umls:C1859305,9
umls:C0265226,2
umls:C1837245,2
umls:C0262929,3
umls:C1854488,10
umls:C0852996,4
umls:C3150658,8
umls:C1854664,6
umls:C2678471,6
umls:C1853144,7
umls:C0038368,7
umls:C1833693,10
umls:C0022890,7
umls:C0494559,7
umls:C0268199,7
umls:C1844853,10
umls:C3669395,10
umls:C1861689,2
umls:C2751307,2
umls:C3715164,2
umls:C3150968,2
umls:C0022738,2
umls:C1852521,2
umls:C0432163,2
umls:C0454455,7
umls:C1842870,2
umls:C0268149,10
umls:C1854369,10
umls:C1864987,4
umls:C2751756,4
umls:C0393676,4
umls:C0270844,4
umls:C0701811,7
umls:C0311335,7
umls:C0270854,7
umls:C1846816,10
umls:C2751067,7
umls:C0424295,7
umls:C1456784,4
umls:C1861063,4
umls:C0600241,6
umls:C0011251,4
umls:C0038441,2
umls:C3495422,4
umls:C0029095,7
umls:C3825891,4
umls:C0474416,4
umls:C0237873,4
umls:C0033936,7
umls:C0858274,4
umls:C0087169,4
umls:C0262376,4
umls:C0752147,4
umls:C0042693,4
umls:C0743072,7
umls:C1399930,3
umls:C0233762,9
umls:C0041651,4
umls:C0394006,7
umls:C0272118,4
umls:C0233651,7
umls:C3665679,4
umls:C0270458,7
umls:C0159028,7
umls:C0012734,8
umls:C0021122,4
umls:C1845028,10
umls:C1970269,4
umls:C0699734,6
umls:C0265780,4
umls:C1333873,6
umls:C2986550,4
umls:C0342409,8
umls:C0342196,6
umls:C0259771,10
umls:C1721007,10
umls:C1838570,7
umls:C0431943,7
umls:C0342195,7
umls:C0272339,10
umls:C1866075,9
umls:C0038557,9
umls:C0010403,5
umls:C1142550,1
umls:C0264544,6
umls:C1297883,2
umls:C0155111,10
umls:C0344542,6
umls:C0472803,6
umls:C1384406,1
umls:C1096458,6
umls:C0036413,10
umls:C1610605,1
umls:C0268749,3
umls:C1849792,6
umls:C0947912,7
umls:C1838103,7
umls:C2931764,10
umls:C1836743,10
umls:C2697933,10
umls:C0276340,6
umls:C0266122,10
umls:C0032357,8
umls:C1852510,4
umls:C0079661,4
umls:C0342680,4
umls:C3160739,7
umls:C0279613,9
umls:C1847725,10
umls:C1861732,10
umls:C0394004,10
umls:C1853736,10
umls:C1853354,8
umls:C3150972,6
umls:C0270804,6
umls:C1842073,7
umls:C0392702,7
umls:C1865643,7
umls:C2609268,7
umls:C3554241,7
umls:C1263666,8
umls:C3489789,10
umls:C0280248,4
umls:C0796149,6
umls:C1864761,6
umls:C1836669,6
umls:C1836916,10
umls:C0085164,10
umls:C1867923,10
umls:C3203738,10
umls:C1701940,7
umls:C2676770,10
umls:C1963946,3
umls:C2676767,9
umls:C0019050,2
umls:C0235574,10
umls:C0019048,3
umls:C1504514,8
umls:C1299624,10
umls:C0276096,10
umls:C1849453,2
umls:C0685381,2
umls:C3489725,10
umls:C1843292,7
umls:C1843896,7
umls:C1854063,7
umls:C1864826,7
umls:C1852127,7
umls:C0555971,6
umls:C1858302,10
umls:C2748557,3
umls:C0410207,3
umls:C1861451,3
umls:C0279084,2
umls:C1850406,2
umls:C0009197,7
umls:C3711385,9
umls:C1857355,10
umls:C3273010,10
umls:C1854310,2
umls:C1857041,4
umls:C1832162,4
umls:C1266024,4
umls:C0265993,4
umls:C1855102,9
umls:C0342720,10
umls:C1836173,10
umls:C0343532,6
umls:C0598226,4
umls:C0079583,4
umls:C1836033,8
umls:C1834846,9
umls:C3150914,9
umls:C3149842,9
umls:C0872218,9
umls:C0007795,9
umls:C3683791,9
umls:C2936403,4
umls:C0085543,7
umls:C1843852,3
umls:C0240991,3
umls:C0497489,3
umls:C1840061,1
umls:C1855923,2
umls:C0936215,10
umls:C1868387,4
umls:C1970180,6
umls:C0748903,6
umls:C1864233,8
umls:C0268600,10
umls:C0016756,10
umls:C2677092,6
umls:C0334633,1
umls:C1333296,4
umls:C0221030,7
umls:C0022729,4
umls:C1510428,4
umls:C1455718,2
umls:C0085426,4
umls:C1843256,4
umls:C0272173,7
umls:C0007684,10
umls:C0877445,5
umls:C1302363,4
umls:C0729531,7
umls:C3279992,10
umls:C3150898,10
umls:C1850597,10
umls:C1850792,6
umls:C0393933,6
umls:C0150080,7
umls:C1969809,7
umls:C0267556,7
umls:C1836383,7
umls:C1843139,10
umls:C0432122,4
umls:C1563720,4
umls:C1845146,4
umls:C1292758,4
umls:C0234362,8
umls:C0742558,3
umls:C0578870,10
umls:C0151908,6
umls:C0497391,10
umls:C1301359,10
umls:C1336733,3
umls:C2698204,10
umls:C0341862,6
umls:C1855900,2
umls:C3814159,4
umls:C1835888,9
umls:C3150667,2
umls:C1563696,2
umls:C1849011,10
umls:C1851994,10
umls:C0796028,4
umls:C1839566,4
umls:C1844677,4
umls:C1970827,4
umls:C0268296,4
umls:C1847114,6
umls:C0852975,10
umls:C1970416,8
umls:C0268140,8
umls:C3808988,8
umls:C1510432,8
umls:C1865915,7
umls:C0015310,7
umls:C1834671,7
umls:C0268389,10
umls:C0342898,6
umls:C2062908,6
umls:C0003742,6
umls:C2711472,6
umls:C0553573,6
umls:C2677590,6
umls:C1852222,10
umls:C1838779,10
umls:C1290587,10
umls:C1848561,1
umls:C1272348,1
umls:C2677535,7
umls:C1867904,3
umls:C2676723,3
umls:C0796095,10
umls:C0796232,10
umls:C1864910,8
umls:C0752109,10
umls:C3273009,7
umls:C1336030,10
umls:C1835897,10
umls:C2675211,2
umls:C0520572,3
umls:C0275911,7
umls:C1863236,2
umls:C1291512,10
umls:C1306247,8
umls:C0349623,8
umls:C0334448,4
umls:C1843153,4
umls:C1843075,4
umls:C1836727,4
umls:C0040416,4
umls:C0011304,4
umls:C1850383,5
umls:C1842577,7
umls:C1864148,7
umls:C2750087,3
umls:C0014761,2
umls:C1855772,8
umls:C0280253,6
umls:C3150803,6
umls:C1301355,7
umls:C1327916,6
umls:C3151445,6
umls:C2677299,7
umls:C1846055,10
umls:C1853230,10
umls:C0003534,10
umls:C1845102,4
umls:C1835813,8
umls:C1850169,7
umls:C1835849,6
umls:C1845861,7
umls:C1845517,4
umls:C1846168,4
umls:C0796223,4
umls:C0398746,7
umls:C1856399,7
umls:C0268520,7
umls:C1856974,10
umls:C1848526,10
umls:C1857762,10
umls:C1969052,3
umls:C1969053,3
umls:C2676788,3
umls:C2676790,3
umls:C0268626,6
umls:C2931013,6
umls:C2749685,6
umls:C3537440,6
umls:C1842124,10
umls:C1854594,10
umls:C0266610,10
umls:C0521620,6
umls:C2675526,3
umls:C2751630,3
umls:C1838437,4
umls:C0032044,7
umls:C0265950,7
umls:C2937220,7
umls:C0205789,7
umls:C1856972,10
umls:C0266483,10
umls:C1837991,10
umls:C2674616,7
umls:C1852324,7
umls:C0920393,1
umls:C0342483,7
umls:C1855796,7
umls:C0391861,6
umls:C0268405,4
umls:C2931418,6
umls:C0242583,6
umls:C0340957,5
umls:C0339901,5
umls:C0847097,7
umls:C0278007,5
umls:C1876185,10
umls:C0685775,10
umls:C0265242,10
umls:C0265245,10
umls:C1834692,4
umls:C0276240,10
umls:C1863634,7
umls:C1833321,10
umls:C0393929,2
umls:C0751398,2
umls:C0432269,6
umls:C2751320,10
umls:C0392622,4
umls:C0268514,2
umls:C0741270,2
umls:C1844934,7
umls:C0700595,10
umls:C1840284,3
umls:C0268609,6
umls:C2674081,8
umls:C0238478,10
umls:C0158995,8
umls:C0271582,2
umls:C0278688,4
umls:C3150207,7
umls:C0865214,2
umls:C0795845,10
umls:C1864720,2
umls:C1864721,2
umls:C1864722,2
umls:C1861863,6
umls:C2678476,6
umls:C0344388,10
umls:C1970253,10
umls:C0263978,7
umls:C3150889,7
umls:C0342803,8
umls:C3495551,8
umls:C1959620,4
umls:C1857682,7
umls:C1858424,10
umls:C2681911,10
umls:C3150925,8
umls:C0020951,7
umls:C0014742,4
umls:C0343804,6
umls:C0231218,7
umls:C3150692,8
umls:C1842026,8
umls:C2677608,2
umls:C2749665,10
umls:C3151039,6
umls:C1864690,3
umls:C3151440,3
umls:C1859773,7
umls:C1865295,4
umls:C1400201,4
umls:C1707400,10
umls:C0205833,1
umls:C3151380,4
umls:C0338502,4
umls:C2750790,10
umls:C1845294,10
umls:C1845295,10
umls:C0266371,10
umls:C1842237,4
umls:C2677132,9
umls:C2675227,8
umls:C0855090,8
umls:C0679395,8
umls:C1846979,3
umls:C1847013,3
umls:C0796093,7
umls:C1835492,7
umls:C1857069,7
umls:C1275074,7
umls:C2931488,2
umls:C0700590,7
umls:C3150736,7
umls:C1842836,8
umls:C1842127,3
umls:C2750459,10
umls:C1969639,10
umls:C0238305,6
umls:C1853247,6
umls:C3553656,6
umls:C0040332,7
umls:C2751084,6
umls:C3151267,6
umls:C1845333,2
umls:C1845672,10
umls:C3150942,2
umls:C1845070,7
umls:C1414017,8
umls:C0340834,10
umls:C2750448,7
umls:C1836724,7
umls:C0178282,7
umls:C1516865,7
umls:C2676766,7
umls:C0432292,7
umls:C0040185,4
umls:C1850126,2
umls:C0151825,5
umls:C2931732,7
umls:C2931322,10
umls:C3809768,3
umls:C2676676,2
umls:C0376628,10
umls:C0948698,10
umls:C3647143,10
umls:C0022790,7
umls:C0278485,7
umls:C2216695,7
umls:C0442876,4
umls:C2677792,7
umls:C1334753,2
umls:C0235162,2
umls:C0153662,2
umls:C3658279,10
umls:C0740421,7
umls:C2676465,10
umls:C2675192,10
umls:C1860991,8
umls:C3809005,8
umls:C1851649,6
umls:C2675497,8
umls:C0030470,8
umls:C0206676,4
umls:C0040422,7
umls:C0948209,6
umls:C0345960,1
umls:C0878649,7
umls:C1854978,6
umls:C1333190,2
umls:C1708776,6
umls:C0868908,6
umls:C0334277,4
umls:C1708781,3
umls:C0149519,6
umls:C1513041,6
umls:C1709780,6
umls:C0522621,6
umls:C0854178,6
umls:C3164626,6
umls:C1336861,6
umls:C0278505,7
umls:C0278801,10
umls:C0278556,7
umls:C1369136,7
umls:C0279682,10
umls:C1335377,10
umls:C0334494,7
umls:C0349644,6
umls:C0238003,6
umls:C2748568,7
umls:C1864948,5
umls:C1136179,5
umls:C2751855,2
umls:C0233622,7
umls:C1970309,7
umls:C1420193,7
umls:C3640038,7
umls:C2681923,6
umls:C1845136,6
umls:C1843181,6
umls:C3501846,6
umls:C1859970,10
umls:C0024894,10
umls:C0232487,4
umls:C1272766,7
umls:C0232491,7
umls:C1848137,2
umls:C0001726,2
umls:C3150913,6
umls:C2678483,7
umls:C2677549,5
umls:C0744466,6
umls:C0029400,4
umls:C1306839,10
umls:C0268108,8
umls:C0409651,6
umls:C0342738,7
umls:C2750080,7
umls:C2748544,4
umls:C3665488,4
umls:C1842149,4
umls:C2745963,5
umls:C3150927,8
umls:C0232910,8
umls:C1836032,4
umls:C3150354,4
umls:C0003257,4
umls:C0272238,4
umls:C0221356,4
umls:C0272386,4
umls:C3150808,8
umls:C1859564,8
umls:C2750475,6
umls:C3280845,6
umls:C1857853,7
umls:C1866174,8
umls:C0266360,7
umls:C0265218,8
umls:C0221019,3
umls:C2751830,4
umls:C1840560,7
umls:C2751052,7
umls:C1969040,7
umls:C1969024,7
umls:C2677481,9
umls:C0014009,6
umls:C0343751,10
umls:C3274515,8
umls:C0014013,8
umls:C2675184,8
umls:C1863351,7
umls:C3150897,7
umls:C3151351,7
umls:C1858725,10
umls:C3150879,8
umls:C2675525,10
umls:C0041228,3
umls:C0041227,7
umls:C1853154,7
umls:C2675512,6
umls:C2676137,10
umls:C3150987,2
umls:C1843140,2
umls:C1842382,2
umls:C0857345,4
umls:C3502810,2
umls:C1836906,7
umls:C1864850,7
umls:C2751292,10
umls:C2608084,4
umls:C0019343,4
umls:C0406650,4
umls:C0432326,4
umls:C0406369,4
umls:C0406632,10
umls:C0474889,4
umls:C1112570,6
umls:C1849507,7
umls:C1856057,7
umls:C1866558,10
umls:C3806347,10
umls:C0376286,10
umls:C1739111,10
umls:C1510471,10
umls:C0278877,8
umls:C2751608,1
umls:C2750747,8
umls:C0730308,10
umls:C0346041,8
umls:C1864839,9
umls:C1291299,4
umls:C0271816,7
umls:C0749470,7
umls:C0342122,7
umls:C0271795,7
umls:C1848805,10
umls:C0271815,7
umls:C3150419,4
umls:C2678055,7
umls:C2678061,7
umls:C2678027,7
umls:C2678015,7
umls:C2749106,7
umls:C3151753,10
umls:C0795910,10
umls:C1858477,10
umls:C3150417,4
umls:C3150412,4
umls:C3151519,4
umls:C1853100,7
umls:C1142499,4
umls:C0278952,10
umls:C1970119,6
umls:C0520966,10
umls:C1837007,4
umls:C3502293,4
umls:C0398782,6
umls:C1970822,4
umls:C0175703,10
umls:C1842357,4
umls:C1843791,6
umls:C1866008,6
umls:C2751643,6
umls:C2678492,10
umls:C2675014,10
umls:C2677065,8
umls:C3150967,2
umls:C3150969,2
umls:C0272137,6
umls:C0796279,10
umls:C0796032,10
umls:C0796059,10
umls:C2677326,4
umls:C0393699,10
umls:C3263982,10
umls:C1853278,9
umls:C1836602,7
umls:C2675187,2
umls:C0041364,10
umls:C1839454,4
umls:C1839456,4
umls:C1839455,4
umls:C0149886,7
umls:C1854335,2
umls:C0085541,2
umls:C0012833,6
umls:C1845243,2
umls:C1843116,8
umls:C1866552,8
umls:C1842939,7
umls:C3150819,3
umls:C1301510,10
umls:C0268337,10
umls:C1853365,10
umls:C0524948,10
umls:C3489393,10
umls:C0034888,10
umls:C0010695,10
umls:C0238590,10
umls:C0019294,10
umls:C0025239,10
umls:C3150754,6
umls:C1968602,10
umls:C2931035,8
umls:C1864861,4
umls:C1835916,10
umls:C1969657,10
umls:C3160720,7
umls:C1843013,7
umls:C1843015,7
umls:C1843014,7
umls:C3151038,7
umls:C0338582,8
umls:C0270707,7
umls:C0549117,7
umls:C0233407,7
umls:C1969029,4
umls:C1956147,4
umls:C1879312,10
umls:C1970211,10
umls:C3809309,10
umls:C2750473,2
umls:C1846331,7
umls:C1855722,7
umls:C0796084,7
umls:C0205204,7
umls:C0014040,7
umls:C0268079,10
umls:C1853623,7
umls:C3150921,10
umls:C1842563,10
umls:C2751666,8
umls:C1863704,6
umls:C2673187,3
umls:C1968593,7
umls:C0037661,7
umls:C1368041,6
umls:C0431718,10
umls:C0746787,9
umls:C2676285,7
umls:C0268524,7
umls:C1853296,7
umls:C1866560,10
umls:C1839928,10
umls:C1862373,10
umls:C0795898,2
umls:C2751308,7
umls:C2751309,7
umls:C1857618,7
umls:C1854150,3
umls:C0391976,10
umls:C2675237,4
umls:C2675235,4
umls:C2673760,4
umls:C0334166,10
umls:C1856127,5
umls:C1856716,8
umls:C0043019,8
umls:C0339512,8
umls:C2677516,8
umls:C1863534,8
umls:C2675210,8
umls:C0741032,7
umls:C1516490,7
umls:C1835931,7
umls:C2673536,7
umls:C1832322,7
umls:C2931884,7
umls:C0021345,7
umls:C0037023,10
umls:C0270855,8
umls:C3494976,10
umls:C0393555,10
umls:C3150986,2
umls:C3149074,2
umls:C1852587,2
umls:C0265482,2
umls:C0234535,2
umls:C1855433,10
umls:C2677877,2
umls:C0155880,4
umls:C2678408,8
umls:C1853251,6
umls:C3150953,3
umls:C1862394,3
umls:C2751295,7
umls:C2751296,7
umls:C2678403,7
umls:C1970440,10
umls:C1865366,8
umls:C3150654,10
umls:C2673193,6
umls:C1835933,8
umls:C2678051,5
umls:C0746408,2
umls:C0020452,7
umls:C0007370,4
umls:C1862886,4
umls:C0007166,10
umls:C0597854,10
umls:C0018813,6
umls:C0006266,10
umls:C0264652,10
umls:C1142276,6
umls:C0007780,4
umls:C3150619,8
umls:C2677903,4
umls:C1845546,4
umls:C2751532,4
umls:C3150653,7
umls:C3150659,7
umls:C1857777,7
umls:C2752072,7
umls:C1837065,7
umls:C0018852,2
umls:C0858320,7
umls:C1833053,8
umls:C2676498,8
umls:C0022134,8
umls:C1866039,4
umls:C1837471,6
umls:C1836027,7
umls:C1865885,7
umls:C2931210,7
umls:C1853286,7
umls:C0268641,7
umls:C0585129,9
umls:C1832992,7
umls:C0231706,7
umls:C1855739,10
umls:C0014805,10
umls:C0014804,10
umls:C2751778,10
umls:C3151229,10
umls:C0002768,10
umls:C0037650,6
umls:C3276706,7
umls:C0234230,10
umls:C0012746,10
umls:C0234241,10
umls:C0030196,10
umls:C0234215,7
umls:C2673257,10
umls:C2676254,2
umls:C2749861,2
umls:C2751319,2
umls:C3150172,2
umls:C1833508,7
umls:C1833511,7
umls:C1833518,7
umls:C3280160,7
umls:C0027080,9
umls:C1867300,3
umls:C1865044,10
umls:C3150703,10
umls:C3809819,10
umls:C3553944,10
umls:C1836199,10
umls:C2676772,3
umls:C0152423,3
umls:C1837092,6
umls:C3150807,7
umls:C1836460,6
umls:C3809443,6
umls:C1859317,6
umls:C3150874,3
umls:C3279792,3
umls:C0432235,3
umls:C2750509,2
umls:C0393534,6
umls:C2676231,10
umls:C1853892,10
umls:C1835819,10
umls:C1864818,10
umls:C2673648,10
umls:C0155490,9
umls:C0393559,7
umls:C0008493,4
umls:C0236053,6
umls:C1332271,7
umls:C0026393,7
umls:C0262655,4
umls:C1827820,7
umls:C1838657,3
umls:C3150418,4
umls:C3150416,4
umls:C3150411,4
umls:C1840437,6
umls:C0857112,8
umls:C1835865,6
umls:C3151060,6
umls:C1970841,4
umls:C3150983,10
umls:C1970298,6
umls:C1969062,7
umls:C1527310,10
umls:C2678475,6
umls:C2750472,6
umls:C3150691,3
umls:C0339537,10
umls:C1419325,10
umls:C0155015,10
umls:C2750804,7
umls:C1847014,10
umls:C1866078,7
umls:C1843042,7
umls:C1858172,3
umls:C3281235,3
umls:C1619738,7
umls:C1832099,2
umls:C2752001,8
umls:C1299574,3
umls:C1865616,10
umls:C0472767,7
umls:C0149520,7
umls:C1334815,6
umls:C0275553,10
umls:C1864877,3
umls:C0268647,7
umls:C1837341,2
umls:C0012243,1
umls:C0279735,10
umls:C0001231,4
umls:C2678484,3
umls:C0339578,3
umls:C0339576,3
umls:C1842109,2
umls:C1826553,2
umls:C1834144,6
umls:C2751083,6
umls:C2676466,10
umls:C1864446,3
umls:C1970173,3
umls:C0796237,8
umls:C1836892,7
umls:C1266129,4
umls:C1334180,7
umls:C1856255,10
umls:C2675488,10
umls:C1835905,6
umls:C3150958,7
umls:C3810041,7
umls:C2673642,10
umls:C0271826,10
umls:C0855173,10
umls:C2677434,4
umls:C1864689,4
umls:C0266215,4
umls:C0273483,4
umls:C0345963,8
umls:C2751826,7
umls:C0392156,6
umls:C3178803,2
umls:C0520739,7
umls:C1851741,7
umls:C2678338,7
umls:C1839161,7
umls:C3550789,7
umls:C1860788,7
umls:C1845837,7
umls:C3151785,7
umls:C3826066,7
umls:C0279650,7
umls:C0023437,7
umls:C0019025,7
umls:C0678199,7
umls:C0311364,7
umls:C1863924,6
umls:C3151476,7
umls:C3502298,7
umls:C1855577,6
umls:C1864902,6
umls:C0342708,2
umls:C0040264,6
umls:C0270857,2
umls:C1853276,7
umls:C1836482,7
umls:C2919114,7
umls:C2347762,7
umls:C2750481,9
umls:C1856245,6
umls:C0343856,6
umls:C1849700,9
umls:C2676786,4
umls:C3150652,4
umls:C0342645,4
umls:C0032827,4
umls:C2751089,9
umls:C3150733,4
umls:C3150933,4
umls:C1854107,4
umls:C1291245,7
umls:C3838758,4
umls:C1833809,8
umls:C2675487,6
umls:C1853214,5
umls:C1846529,5
umls:C1834558,4
umls:C1847902,4
umls:C3809272,4
umls:C1970470,10
umls:C0221227,8
umls:C1566302,6
umls:C2751938,4
umls:C0036346,3
umls:C1855109,7
umls:C0399448,7
umls:C2678477,8
umls:C1864668,7
umls:C1969060,4
umls:C1837857,8
umls:C2675459,4
umls:C1845530,2
umls:C1835845,7
umls:C2751315,7
umls:C1835895,3
umls:C1970237,2
umls:C1853235,10
umls:C1865832,10
umls:C0349489,10
umls:C0017565,4
umls:C1719498,2
umls:C0432226,2
umls:C1335710,10
umls:C1291609,6
umls:C2751831,7
umls:C3151293,7
umls:C1865290,9
umls:C0745153,9
umls:C2749137,6
umls:C1844776,6
umls:C3151784,6
umls:C2750732,6
umls:C2674723,6
umls:C0544862,6
umls:C1842036,6
umls:C1332888,6
umls:C1321871,6
umls:C1854311,7
umls:C2751317,10
umls:C2751843,4
umls:C2673186,1
umls:C3151201,1
umls:C3279690,1
umls:C1303010,1
umls:C1848552,10
umls:C1848553,10
umls:C1848554,10
umls:C1863551,6
umls:C1864621,3
umls:C1864723,4
umls:C0013608,3
umls:C1853249,10
umls:C3280977,10
umls:C1836797,7
umls:C0949856,7
umls:C0342792,10
umls:C2675528,10
umls:C3280965,10
umls:C2752027,10
umls:C0268179,10
umls:C0079840,10
umls:C0233419,10
umls:C1838049,2
umls:C1851759,9
umls:C0393719,2
umls:C2675556,8
umls:C0018199,7
umls:C1855020,8
umls:C0032541,8
umls:C1333967,6
umls:C1856603,9
umls:C0010074,9
umls:C1859499,4
umls:C2677589,4
umls:C1970239,3
umls:C1864870,10
umls:C2748896,7
umls:C0266361,7
umls:C0018055,7
umls:C0432481,7
umls:C0019269,7
umls:C0266717,7
umls:C0234458,7
umls:C1835928,9
umls:C3151265,9
umls:C2242826,10
umls:C1853445,10
umls:C0206160,7
umls:C1456276,2
umls:C1838951,7
umls:C2750720,2
umls:C1854260,2
umls:C1865871,3
umls:C0018915,3
umls:C0025323,3
umls:C1335661,1
umls:C0024221,5
umls:C1536999,7
umls:C0085653,3
umls:C0206732,6
umls:C0334102,3
umls:C0239340,7
umls:C0334538,6
umls:C0023119,10
umls:C0600142,7
umls:C0334608,7
umls:C0496779,10
umls:C2733623,10
umls:C1858805,10
umls:C0025205,7
umls:C2675229,7
umls:C1838547,6
umls:C1835044,6
umls:C1835042,6
umls:C0040715,6
umls:C1850338,6
umls:C0516981,7
umls:C0347180,7
umls:C0205854,7
umls:C0349571,7
umls:C0334551,7
umls:C0862196,7
umls:C0007860,8
umls:C0280803,10
umls:C1274310,2
umls:C0042237,7
umls:C0279681,7
umls:C3472614,1
umls:C0262984,10
umls:C0279674,10
umls:C1850900,7
umls:C1997473,10
umls:C0347493,10
umls:C1332608,7
umls:C0238518,6
umls:C0281902,7
umls:C0600041,7
umls:C0267159,6
umls:C0432487,8
umls:C1709656,8
umls:C0431122,7
umls:C0007855,4
umls:C0694571,7
umls:C3697776,7
umls:C1879344,7
umls:C0349554,7
umls:C1867288,3
umls:C2987516,7
umls:C1301363,7
umls:C0206712,6
umls:C0221290,7
umls:C1302746,7
umls:C1332922,7
umls:C1858379,6
umls:C3553060,6
umls:C2676023,9
umls:C2675186,3
umls:C1858677,3
umls:C1843211,10
umls:C1853250,4
umls:C0236664,7
umls:C0270712,2
umls:C0030200,8
umls:C0184567,10
umls:C0271385,2
umls:C0376338,2
umls:C0393520,2
umls:C2675473,2
umls:C0393703,10
umls:C1863224,7
umls:C2349595,7
umls:C0221016,10
umls:C2676782,10
umls:C0740476,10
umls:C1839580,6
umls:C0271382,6
umls:C0521839,7
umls:C0392171,8
umls:C1837756,6
umls:C1840528,2
umls:C1860238,10
umls:C3151432,10
umls:C3554117,10
umls:C1865951,10
umls:C1970483,2
umls:C2676759,7
umls:C2674321,7
umls:C2930896,7
umls:C0003860,4
umls:C0018843,7
umls:C0598221,7
umls:C1851124,2
umls:C0332887,2
umls:C0339555,6
umls:C1868001,6
umls:C1868081,6
umls:C0034882,6
umls:C0700636,6
umls:C0334287,4
umls:C1510431,4
umls:C0866188,6
umls:C3164780,8
umls:C0334699,8
umls:C1855466,10
umls:C2750090,4
umls:C2751259,3
umls:C0272066,3
umls:C1854106,7
umls:C1851504,10
umls:C1533174,4
umls:C1336007,4
umls:C1332156,4
umls:C2062501,4
umls:C0268451,8
umls:C2751986,6
umls:C1850362,5
umls:C0027412,4
umls:C2673914,7
umls:C1864840,2
umls:C1859311,6
umls:C0740265,6
umls:C1832388,10
umls:C0279584,2
umls:C0678128,7
umls:C1292773,3
umls:C1292776,8
umls:C0280745,5
umls:C2749659,10
umls:C3280721,10
umls:C0079680,9
umls:C1836472,6
umls:C1300682,10
umls:C0742597,6
umls:C0267537,7
umls:C0162679,10
umls:C3150878,10
umls:C1858674,4
umls:C1843244,4
umls:C1969810,4
umls:C0403825,8
umls:C2676771,10
umls:C1859353,6
umls:C0011636,3
umls:C0006848,6
umls:C0040247,6
umls:C1609535,10
umls:C1853223,2
umls:C1833503,10
umls:C3280556,10
umls:C0019825,10
umls:C2677338,6
umls:C1855128,10
umls:C2960065,3
umls:C0751075,6
umls:C3711850,1
umls:C1959584,10
umls:C0035450,6
umls:C1835912,8
umls:C1846174,2
umls:C1836573,10
umls:C1845105,10
umls:C3150644,10
umls:C0038833,10
umls:C0206653,8
umls:C0334459,6
umls:C0700110,8
umls:C1266018,8
umls:C1832390,10
umls:C1864912,2
umls:C2198591,10
umls:C0282548,4
umls:C1836302,4
umls:C0236811,6
umls:C0015395,4
umls:C0011389,7
umls:C2936846,7
umls:C0023645,4
umls:C0086873,7
umls:C0008309,7
umls:C0277524,3
umls:C1845247,2
umls:C1832544,2
umls:C1832510,10
umls:C1334634,7
umls:C3711382,8
umls:C0342879,6
umls:C0221253,6
umls:C0342885,6
umls:C0152255,6
umls:C3151466,7
umls:C0596848,6
umls:C2675518,6
umls:C3809084,7
umls:C0432284,7
umls:C0854776,7
umls:C0241970,7
umls:C0270786,7
umls:C1858558,7
umls:C0014324,7
umls:C0162848,7
umls:C0206504,7
umls:C0149697,7
umls:C0023529,5
umls:C0006430,7
umls:C1384600,7
umls:C0017677,2
umls:C0039494,7
umls:C0948031,7
umls:C0003962,10
umls:C0031887,5
umls:C0206752,10
umls:C0006285,6
umls:C0017572,4
umls:C3273245,5
umls:C1275592,2
umls:C0019099,6
umls:C0699744,6
umls:C0524988,4
umls:C3831078,6
umls:C0848076,6
umls:C0029877,6
umls:C1112157,4
umls:C0085593,7
umls:C0546953,6
umls:C0276253,3
umls:C0340170,5
umls:C0264511,3
umls:C0439053,3
umls:C3850141,3
umls:C3642347,7
umls:C0919746,7
umls:C0023288,7
umls:C0085311,5
umls:C2936702,4
umls:C0085404,7
umls:C0404484,3
umls:C0268784,7
umls:C3662528,7
umls:C0023222,6
umls:C0747085,8
umls:C0231918,3
umls:C0032870,3
umls:C0234935,2
umls:C0038166,4
umls:C0031736,6
umls:C0343640,1
umls:C0871388,4
umls:C0702157,7
umls:C0521614,6
umls:C0263314,10
umls:C0043407,2
umls:C0235812,2
umls:C2317473,7
umls:C0340169,10
umls:C1533568,6
umls:C0153308,6
umls:C0220597,6
umls:C0339164,5
umls:C0264222,8
umls:C0041321,3
umls:C0017411,6
umls:C0151773,6
umls:C1959583,4
umls:C0751280,6
umls:C0085423,6
umls:C0276535,4
umls:C0235453,6
umls:C0035319,10
umls:C0006444,6
umls:C0034642,7
umls:C0748540,7
umls:C0263779,10
umls:C1442837,7
umls:C0342953,2
umls:C0013369,8
umls:C0276138,6
umls:C2939186,6
umls:C0563306,6
umls:C0001306,7
umls:C0086238,3
umls:C0878631,10
umls:C0025306,4
umls:C0151814,10
umls:C0221276,7
umls:C0024137,6
umls:C0848771,7
umls:C1863843,4
umls:C0271390,2
umls:C0162832,2
umls:C2675440,2
umls:C2673218,2
umls:C1367536,7
umls:C0013291,4
umls:C0022374,2
umls:C2717981,2
umls:C0241060,2
umls:C0521483,2
umls:C2826177,8
umls:C0019623,8
umls:C1332078,7
umls:C0795824,7
umls:C0019208,3
umls:C1301362,7
umls:C0796466,8
umls:C2713497,3
umls:C1701938,4
umls:C1858990,7
umls:C0700299,7
umls:C0025637,7
umls:C0599528,7
umls:C1841621,7
umls:C0019024,7
umls:C2720293,5
umls:C0271985,7
umls:C0019021,7
umls:C0271930,7
umls:C0002884,3
umls:C0019054,10
umls:C0869532,7
umls:C0271990,7
umls:C0271987,7
umls:C3161373,7
umls:C2825560,7
umls:C0878520,7
umls:C0857812,7
umls:C2873756,10
umls:C0740577,7
umls:C0154089,7
umls:C1366370,5
umls:C0272325,5
umls:C0263725,7
umls:C0038362,6
umls:C0280451,7
umls:C1568868,8
umls:C2698832,7
umls:C1629504,7
umls:C1332055,7
umls:C0302329,4
umls:C0206094,10
umls:C2698294,3
umls:C0023453,6
umls:C1265730,1
umls:C1707291,7
umls:C1334633,6
umls:C0024306,3
umls:C0334385,7
umls:C3824769,1
umls:C1333171,2
umls:C1292757,7
umls:C1336077,1
umls:C0855146,7
umls:C1332201,1
umls:C0795858,2
umls:C0221106,10
umls:C1846220,4
umls:C2749175,4
umls:C0342482,4
umls:C0403809,7
umls:C0342750,10
umls:C1563706,10
umls:C2751683,3
umls:C2751682,3
umls:C0520680,4
umls:C0398353,3
umls:C0745186,3
umls:C0264492,3
umls:C0020681,3
umls:C1834014,4
umls:C0743319,7
umls:C0085383,4
umls:C0039338,4
umls:C0020532,8
umls:C1866119,8
umls:C0039980,8
umls:C1517068,4
umls:C0151449,8
umls:C0024441,7
umls:C1268936,2
umls:C0730607,8
umls:C0263371,7
umls:C1335483,7
umls:C1850764,10
umls:C1336839,7
umls:C0279606,10
umls:C1970243,7
umls:C2608055,7
umls:C1306726,10
umls:C1421374,4
umls:C0268323,4
umls:C0162569,4
umls:C0268324,4
umls:C1276127,4
umls:C1263733,10
umls:C0795856,4
umls:C0752357,4
umls:C1691214,4
umls:C0040953,6
umls:C0080113,8
umls:C0854915,5
umls:C0751484,5
umls:C0854914,8
umls:C0271007,10
umls:C0334474,3
umls:C1334266,3
umls:C2678416,4
umls:C0085547,10
umls:C0268463,10
umls:C0231367,10
umls:C3824891,7
umls:C1855371,10
umls:C0342712,10
umls:C0029897,1
umls:C1377610,4
umls:C0862802,4
umls:C0854983,4
umls:C0278846,4
umls:C1334272,4
umls:C0399474,7
umls:C0742132,6
umls:C0040425,4
umls:C0038271,10
umls:C0206186,5
umls:C0278583,7
umls:C0238258,8
umls:C1335363,4
umls:C0862824,6
umls:C1336536,7
umls:C0033771,6
umls:C1319018,7
umls:C0334240,7
umls:C1279945,10
umls:C1711276,10
umls:C0520571,10
umls:C1367859,10
umls:C0280222,7
umls:C0748164,7
umls:C1275155,7
umls:C2931689,8
umls:C0751535,3
umls:C0149745,6
umls:C1314691,6
umls:C3838754,6
umls:C0232462,6
umls:C0240225,4
umls:C0151864,10
umls:C3534591,6
umls:C0348893,6
umls:C1456868,4
umls:C0001429,4
umls:C0342859,10
umls:C0342856,10
umls:C0340068,6
umls:C2749345,10
umls:C2930844,4
umls:C2750027,4
umls:C0242341,7
umls:C0001511,8
umls:C2350619,6
umls:C0154209,8
umls:C0016724,5
umls:C0009225,8
umls:C1858517,10
umls:C0521532,10
umls:C1855869,6
umls:C2749602,6
umls:C0857069,6
umls:C0276223,6
umls:C0744855,7
umls:C0271737,6
umls:C2103602,6
umls:C3839524,6
umls:C0264694,6
umls:C0398738,9
umls:C0242597,9
umls:C0023510,9
umls:C0398739,9
umls:C2748536,6
umls:C2242472,5
umls:C0240903,6
umls:C0262975,8
umls:C0272229,6
umls:C0030528,2
umls:C0376175,7
umls:C3150649,7
umls:C1846385,10
umls:C0272394,10
umls:C0024622,10
umls:C1856096,10
umls:C3536741,10
umls:C0496892,6
umls:C1838564,9
umls:C1838099,9
umls:C3810309,4
umls:C0021100,9
umls:C0155826,6
umls:C0856554,7
umls:C0026708,10
umls:C0086431,10
umls:C2713321,10
umls:C0086648,2
umls:C1865361,3
umls:C2986658,3
umls:C1840253,10
umls:C1840254,10
umls:C0239816,6
umls:C0023308,6
umls:C1850510,10
umls:C1332166,10
umls:C0684830,6
umls:C0270913,7
umls:C0043154,6
umls:C0024517,4
umls:C1970808,7
umls:C1706595,10
umls:C0549151,10
umls:C1720778,10
umls:C0268412,10
umls:C0220743,10
umls:C1840322,10
umls:C1859534,6
umls:C0031030,7
umls:C2931213,7
umls:C1858493,7
umls:C3148929,7
umls:C0481151,7
umls:C0412862,7
umls:C1861821,10
umls:C3640027,10
umls:C0040759,10
umls:C0027073,7
umls:C0020075,7
umls:C0039106,7
umls:C0342687,4
umls:C0747249,4
umls:C0011573,7
umls:C0344976,7
umls:C0432197,7
umls:C1849437,7
umls:C1850938,6
umls:C0235032,7
umls:C0031903,6
umls:C2931008,1
umls:C0521802,8
umls:C1832425,7
umls:C1998346,7
umls:C0028841,10
umls:C3540850,7
umls:C1861832,6
umls:C1692871,6
umls:C1832526,6
umls:C0409679,6
umls:C1827377,7
umls:C0236075,7
umls:C0241880,7
umls:C3150343,9
umls:C0472792,9
umls:C1854449,9
umls:C3489787,7
umls:C2674574,1
umls:C1860896,1
umls:C2674876,10
umls:C0432098,1
umls:C2931058,1
umls:C0524812,3
umls:C0345996,1
umls:C2698016,1
umls:C1843816,3
umls:C1843815,3
umls:C1855114,7
umls:C1855116,7
umls:C1855115,7
umls:C1263739,7
umls:C1832585,10
umls:C1829703,9
umls:C2677506,7
umls:C2748552,7
umls:C3150681,7
umls:C1853202,2
umls:C1855801,10
umls:C0042018,7
umls:C0038579,4
umls:C0037937,7
umls:C0023869,4
umls:C0006818,7
umls:C0041330,10
umls:C3552236,6
umls:C2750247,6
umls:C0265374,3
umls:C0342153,6
umls:C0153572,6
umls:C1823105,7
umls:C3668943,7
umls:C3495587,3
umls:C1141957,1
umls:C1335903,10
umls:C1720830,8
umls:C0919976,2
umls:C0282609,5
umls:C1710040,10
umls:C1411980,10
umls:C0268250,7
umls:C0268251,7
umls:C1842704,7
umls:C1856476,7
umls:C1862683,2
umls:C1318973,7
umls:C0036285,7
umls:C3179194,6
umls:C0021099,4
umls:C0238124,6
umls:C0156221,7
umls:C1283601,7
umls:C3665382,10
umls:C2673873,7
umls:C0158683,10
umls:C0026706,2
umls:C0086649,2
umls:C0086650,7
umls:C1306242,7
umls:C1567743,4
umls:C2931254,9
umls:C0238157,9
umls:C3275998,3
umls:C0031526,3
umls:C2936783,1
umls:C1368816,1
umls:C0151241,4
umls:C1839502,7
umls:C1711192,10
umls:C0024433,4
umls:C0311249,4
umls:C0392485,4
umls:C0011434,10
umls:C0549393,7
umls:C0268709,10
umls:C0392607,2
umls:C1863237,2
umls:C1867771,2
umls:C0268124,2
umls:C0041325,2
umls:C1863239,2
umls:C0949116,7
umls:C0040921,5
umls:C0085662,7
umls:C1623209,8
umls:C1327918,8
umls:C0018808,8
umls:C0154856,9
umls:C2930878,2
umls:C0410533,10
umls:C0235896,10
umls:C1720862,10
umls:C1096902,7
umls:C2931872,7
umls:C0239182,4
umls:C2129214,7
umls:C3281203,10
umls:C0153636,10
umls:C0268247,10
umls:C0878555,3
umls:C3697893,8
umls:C0877221,10
umls:C0265265,2
umls:C0281963,10
umls:C1853666,10
umls:C0026635,7
umls:C0040149,5
umls:C0013132,10
umls:C0242490,10
umls:C3809327,10
umls:C1841984,7
umls:C0393778,7
umls:C0014067,7
umls:C1854631,7
umls:C0521991,7
umls:C1291311,7
umls:C0556374,7
umls:C0432268,6
umls:C0265513,8
umls:C0795950,10
umls:C0271681,7
umls:C0431368,10
umls:C0036391,4
umls:C3658302,4
umls:C3541994,4
umls:C0877055,4
umls:C1142139,6
umls:C2063407,10
umls:C0543891,7
umls:C0333161,10
umls:C1864567,10
umls:C0004158,10
umls:C0332449,10
umls:C1864738,7
umls:C0157738,8
umls:C0007761,4
umls:C1846839,3
umls:C0268623,9
umls:C2931042,9
umls:C1832334,10
umls:C3280856,2
umls:C0268272,4
umls:C0268271,4
umls:C0268273,4
umls:C1849139,4
umls:C0270790,4
umls:C0220993,7
umls:C0268616,7
umls:C1849718,6
umls:C3150891,7
umls:C0599973,6
umls:C1855607,7
umls:C0432254,7
umls:C2316787,6
umls:C0272348,7
umls:C1853162,6
umls:C2931095,6
umls:C2751306,7
umls:C1840334,6
umls:C0432194,10
umls:C3468041,10
umls:C0406778,7
umls:C0343111,7
umls:C3715082,7
umls:C0030436,7
umls:C0268375,7
umls:C0276622,10
umls:C0919715,4
umls:C1302652,3
umls:C2960064,3
umls:C3808692,7
umls:C1855663,7
umls:C0796184,7
umls:C0265559,8
umls:C1861099,8
umls:C0728895,8
umls:C0796275,4
umls:C1839704,4
umls:C1417001,4
umls:C0001807,4
umls:C0221074,7
umls:C0424543,3
umls:C0858853,4
umls:C0006009,4
umls:C0001676,4
umls:C0522174,4
umls:C3496069,4
umls:C0013985,10
umls:C2063866,7
umls:C0520676,7
umls:C0679484,3
umls:C0237236,4
umls:C0154437,7
umls:C0030662,4
umls:C2675204,7
umls:C1858301,3
umls:C1848029,10
umls:C0158100,10
umls:C0152093,10
umls:C1291564,10
umls:C0342686,10
umls:C3536797,4
umls:C1855792,4
umls:C1274215,4
umls:C1855789,10
umls:C0013592,4
umls:C0474339,4
umls:C0265273,10
umls:C1865370,7
umls:C1865373,7
umls:C2676510,3
umls:C0152915,4
umls:C0399368,4
umls:C2673923,4
umls:C0266061,4
umls:C0024636,4
umls:C1859877,10
umls:C2750815,10
umls:C0263505,10
umls:C2931059,10
umls:C0265992,10
umls:C3495530,10
umls:C1850569,6
umls:C2750786,6
umls:C1423606,10
umls:C1864040,4
umls:C1840390,8
umls:C1840389,8
umls:C1863561,7
umls:C1837174,4
umls:C1836327,9
umls:C3553248,9
umls:C2750405,9
umls:C2985524,9
umls:C1335563,6
umls:C1304517,9
umls:C1836326,9
umls:C1321427,10
umls:C1377665,10
umls:C0238029,6
umls:C1333306,6
umls:C1846896,10
umls:C3808874,7
umls:C0854739,10
umls:C1858496,7
umls:C1863728,4
umls:C1837203,8
umls:C1847554,8
umls:C1854990,4
umls:C1328355,4
umls:C0268632,2
umls:C0497299,10
umls:C0270779,10
umls:C3495554,10
umls:C1096335,2
umls:C0153640,10
umls:C0153092,2
umls:C0281241,10
umls:C1368107,10
umls:C1960443,6
umls:C3825939,10
umls:C0917807,10
umls:C0238097,10
umls:C0393483,10
umls:C0276430,10
umls:C0036363,10
umls:C0877564,4
umls:C3809882,10
umls:C3809899,10
umls:C3809001,7
umls:C0023240,7
umls:C3489734,7
umls:C1458140,7
umls:C0398620,7
umls:C0272274,7
umls:C0085082,5
umls:C3809548,8
umls:C3151184,10
umls:C0023092,10
umls:C0019104,3
umls:C1859194,10
umls:C1860157,10
umls:C1857775,10
umls:C3554499,6
umls:C1857811,8
umls:C3554247,7
umls:C0238421,4
umls:C1864846,6
umls:C2607929,6
umls:C1850635,6
umls:C3276228,6
umls:C0001614,4
umls:C1266109,3
umls:C2931817,4
umls:C1845366,4
umls:C3151204,4
umls:C1833229,4
umls:C3553288,10
umls:C0011430,10
umls:C1970458,6
umls:C1836823,3
umls:C1865870,4
umls:C1848604,4
umls:C1842550,10
umls:C2675858,4
umls:C1290537,4
umls:C1866426,7
umls:C0002902,4
umls:C1846784,10
umls:C2677500,2
umls:C2751325,10
umls:C1856273,10
umls:C1858280,4
umls:C2749942,2
umls:C3810400,2
umls:C1970160,2
umls:C3150678,7
umls:C3279660,4
umls:C2751807,6
umls:C1853116,6
umls:C2677565,10
umls:C3502417,10
umls:C0751901,2
umls:C0266011,10
umls:C0027813,5
umls:C1969092,4
umls:C0341698,4
umls:C0162510,10
umls:C1832215,2
umls:C1832216,2
umls:C0152419,2
umls:C3541462,10
umls:C0027667,10
umls:C0342544,2
umls:C0278984,10
umls:C1864887,4
umls:C2677504,4
umls:C2750246,4
umls:C0236818,4
umls:C1456326,4
umls:C0241210,4
umls:C3280215,2
umls:C1424692,10
umls:C3554001,2
umls:C3554000,2
umls:C2678497,8
umls:C0399526,7
umls:C3553841,2
umls:C3805879,2
umls:C3809004,7
umls:C1415038,4
umls:C0796208,10
umls:C2750069,4
umls:C1832175,6
umls:C0344523,6
umls:C3150757,2
umls:C1855052,2
umls:C1861825,6
umls:C1167725,6
umls:C0232981,6
umls:C3151057,7
umls:C3178806,7
umls:C1866091,7
umls:C0156147,4
umls:C1857854,4
umls:C0151827,4
umls:C0003500,4
umls:C0342495,4
umls:C0342471,4
umls:C1955743,4
umls:C0221436,4
umls:C0683357,4
umls:C0342467,6
umls:C3502131,4
umls:C1291557,4
umls:C0948387,3
umls:C1709286,7
umls:C0031880,9
umls:C0457949,3
umls:C0851689,4
umls:C0009777,4
umls:C0473119,6
umls:C0342496,4
umls:C0268285,4
umls:C2712370,4
umls:C0238074,4
umls:C0342396,4
umls:C1610642,4
umls:C3161174,7
umls:C0221265,7
umls:C1561505,7
umls:C0472762,6
umls:C2873754,7
umls:C0085578,10
umls:C0272005,10
umls:C0271900,7
umls:C0272081,7
umls:C1263988,1
umls:C0271991,7
umls:C0795917,7
umls:C0742343,6
umls:C3161173,10
umls:C0272003,10
umls:C0854906,6
umls:C0019326,4
umls:C0859055,6
umls:C0854443,6
umls:C0023804,4
umls:C1704299,6
umls:C1862598,6
umls:C1412471,6
umls:C1857970,6
umls:C0035528,7
umls:C0242084,6
umls:C0008732,9
umls:C1720505,6
umls:C0206617,5
umls:C1855457,5
umls:C1835223,5
umls:C0700594,5
umls:C0032290,5
umls:C0162823,6
umls:C0028796,4
umls:C0006060,5
umls:C1328252,7
umls:C0400821,5
umls:C0008513,5
umls:C0009492,5
umls:C0012817,5
umls:C0020450,5
umls:C0002797,5
umls:C0152026,10
umls:C0162351,5
umls:C0405124,5
umls:C0392618,4
umls:C0029077,6
umls:C0015634,5
umls:C0006542,5
umls:C0035357,5
umls:C0018567,6
umls:C0243025,5
umls:C0856774,4
umls:C0019195,4
umls:C0080276,4
umls:C0043253,5
umls:C0010232,5
umls:C2348101,3
umls:C0242993,5
umls:C3714602,2
umls:C0684256,10
umls:C0549493,7
umls:C2242816,6
umls:C0340164,6
umls:C0375024,6
umls:C0264423,5
umls:C1719494,4
umls:C0518948,7
umls:C0343458,3
umls:C1708773,10
umls:C0278716,10
umls:C0235527,8
umls:C0860168,7
umls:C0271188,10
umls:C0815120,6
umls:C3495436,10
umls:C1262760,7
umls:C2939447,8
umls:C0683323,7
umls:C1168305,6
umls:C0341335,5
umls:C0152068,8
umls:C0262428,6
umls:C3826604,5
umls:C0032226,7
umls:C0275521,2
umls:C0860218,7
umls:C0865998,10
umls:C0855069,5
umls:C0574715,3
umls:C0003907,2
umls:C0019655,6
umls:C0349780,5
umls:C1443892,5
umls:C3714758,5
umls:C0242429,10
umls:C1304469,6
umls:C0221165,10
umls:C0221259,7
umls:C0393489,7
umls:C0521858,7
umls:C1304470,8
umls:C0949083,8
umls:C2931825,5
umls:C1960048,6
umls:C1260402,10
umls:C0039520,5
umls:C0847614,7
umls:C0585186,6
umls:C2973787,10
umls:C1332051,3
umls:C0019079,5
umls:C0031022,7
umls:C0012619,5
umls:C0679424,4
umls:C2586331,6
umls:C0878693,7
umls:C0006386,5
umls:C0243001,6
umls:C1827849,6
umls:C0221599,7
umls:C0027095,6
umls:C0269268,6
umls:C0030328,6
umls:C0012691,10
umls:C0264393,6
umls:C0014458,7
umls:C0265384,4
umls:C0264220,6
umls:C0241876,8
umls:C0267812,8
umls:C0334489,8
umls:C3273033,10
umls:C0161409,3
umls:C0038435,6
umls:C0038218,7
umls:C1273489,7
umls:C1542834,7
umls:C0582415,7
umls:C3241936,7
umls:C0037011,4
umls:C2985307,10
umls:C0410959,6
umls:C0741260,8
umls:C1960046,6
umls:C0231912,3
umls:C1859995,3
umls:C0268287,3
umls:C0342464,3
umls:C0268288,3
umls:C1266099,6
umls:C1858050,10
umls:C0236792,4
umls:C2118796,2
umls:C0026773,2
umls:C1415477,6
umls:C1415481,6
umls:C0270210,4
umls:C0268306,4
umls:C0242992,7
umls:C0020435,10
umls:C1268717,4
umls:C0559506,4
umls:C0220991,7
umls:C0153425,7
umls:C0003851,6
umls:C2750103,9
umls:C0856916,8
umls:C0393995,7
umls:C1869116,10
umls:C0029001,5
umls:C0276926,5
umls:C0577628,6
umls:C0559469,4
umls:C0242497,7
umls:C0004099,6
umls:C0340076,4
umls:C0740903,6
umls:C0034068,7
umls:C0406217,6
umls:C0024902,5
umls:C0877430,6
umls:C0302507,6
umls:C0553713,5
umls:C0027424,5
umls:C1832097,6
umls:C0344024,6
umls:C1442826,6
umls:C1853371,9
umls:C1838259,9
umls:C0865274,9
umls:C1853438,3
umls:C1142132,10
umls:C0030186,4
umls:C1334631,7
umls:C1328544,10
umls:C0278147,7
umls:C0279633,3
umls:C0259770,2
umls:C1960925,3
umls:C0346629,7
umls:C1142347,3
umls:C0278489,10
umls:C2930879,10
umls:C0149741,3
umls:C1332314,7
umls:C1563119,7
umls:C1333791,7
umls:C1332316,10
umls:C1332460,6
umls:C1563921,6
umls:C0751913,3
umls:C1514507,6
umls:C0271387,7
umls:C0278562,6
umls:C0346979,6
umls:C1960398,6
umls:C2675071,7
umls:C1836672,6
umls:C3502073,6
umls:C0041307,9
umls:C0035234,9
umls:C3827961,4
umls:C0236175,10
umls:C0409676,4
umls:C0026103,9
umls:C0152499,7
umls:C1262481,7
umls:C0343885,6
umls:C0152030,5
umls:C2936258,4
umls:C0948780,7
umls:C0013374,10
umls:C0262469,7
umls:C0155164,2
umls:C2931854,1
umls:C3532222,4
umls:C0034103,7
umls:C0549297,8
umls:C1856448,6
umls:C1864155,6
umls:C1853965,6
umls:C0022504,6
umls:C0259817,6
umls:C0559470,6
umls:C1304345,6
umls:C1276071,6
umls:C0262974,6
umls:C0586407,7
umls:C0263224,6
umls:C1276092,6
umls:C0474892,6
umls:C1304136,6
umls:C0577627,6
umls:C1833477,1
umls:C0034139,4
umls:C0274576,4
umls:C0333355,10
umls:C0677984,4
umls:C1856184,7
umls:C0022739,4
umls:C0861352,4
umls:C1335965,4
umls:C0042994,10
umls:C0015799,7
umls:C0033046,7
umls:C0020624,3
umls:C1760428,2
umls:C0156349,1
umls:C0520678,7
umls:C0264184,7
umls:C3826850,3
umls:C0391970,8
umls:C0024003,8
umls:C0549618,7
umls:C1849699,2
umls:C1509148,7
umls:C0017577,7
umls:C1516171,7
umls:C1868851,7
umls:C0233697,2
umls:C1335184,7
umls:C1970209,6
umls:C1846009,6
umls:C0019322,6
umls:C1306503,7
umls:C0349557,6
umls:C1849075,6
umls:C0021845,6
umls:C1834153,10
umls:C0595862,10
umls:C0022362,10
umls:C0151746,3
umls:C0278152,7
umls:C3826157,10
umls:C0849925,6
umls:C0340557,6
umls:C0262385,6
umls:C0262988,4
umls:C2752042,7
umls:C1865285,7
umls:C3554518,6
umls:C1707444,6
umls:C0334317,6
umls:C0585187,7
umls:C0521857,6
umls:C1333431,6
umls:C0813148,6
umls:C0155876,7
umls:C0855111,6
umls:C1334807,10
umls:C1332965,10
umls:C1320471,10
umls:C1266081,8
umls:C0236018,7
umls:C0752294,7
umls:C0270328,7
umls:C0149779,7
umls:C1524032,2
umls:C0236788,4
umls:C0233469,7
umls:C0270496,8
umls:C3494359,7
umls:C0751771,7
umls:C0458960,7
umls:C0302847,7
umls:C0036351,4
umls:C0265514,10
umls:C0029455,10
umls:C0221271,10
umls:C0265797,10
umls:C0016202,10
umls:C0221214,3
umls:C0344310,10
umls:C0038449,2
umls:C0079352,4
umls:C2350875,4
umls:C1969833,4
umls:C0264133,4
umls:C1305147,10
umls:C0549175,10
umls:C2936913,4
umls:C0342860,8
umls:C2936863,8
umls:C0334526,8
umls:C0858600,6
umls:C0155601,8
umls:C3553622,10
umls:C1332345,10
umls:C0348890,3
umls:C0271528,3
umls:C0008352,7
umls:C0008690,7
umls:C2930618,10
umls:C0151436,6
umls:C1838429,4
umls:C3280342,4
umls:C0585052,4
umls:C3697376,4
umls:C0175696,10
umls:C0034350,7
umls:C3277849,4
umls:C0424639,8
umls:C1868676,4
umls:C0334524,7
umls:C1832409,10
umls:C1848947,10
umls:C1846796,10
umls:C1834821,10
umls:C0392476,10
umls:C0332885,10
umls:C1853800,10
umls:C0694899,10
umls:C3554130,8
umls:C0007118,8
umls:C3554534,10
umls:C3553617,10
umls:C3151443,10
umls:C1857144,10
umls:C3554574,10
umls:C3502105,10
umls:C0334605,10
umls:C0399378,10
umls:C1854146,10
umls:C2973527,10
umls:C0205730,10
umls:C1527284,10
umls:C1704330,7
umls:C2930997,7
umls:C1328349,4
umls:C1537983,4
umls:C1839022,4
umls:C2931092,4
umls:C0872216,4
umls:C0234143,4
umls:C1837657,10
umls:C2931649,10
umls:C1857802,10
umls:C1835851,10
umls:C0917800,10
umls:C3809173,10
umls:C2829265,10
umls:C0795934,10
umls:C3279947,6
umls:C3279693,10
umls:C1843687,10
umls:C1321547,7
umls:C1860405,6
umls:C3280062,6
umls:C0454641,7
umls:C2931005,6
umls:C2931004,7
umls:C3553645,7
umls:C3550904,7
umls:C1859535,6
umls:C2931002,10
umls:C2931835,7
umls:C0267663,7
umls:C2678346,7
umls:C0086768,10
umls:C1274648,10
umls:C0234861,10
umls:C0334139,8
umls:C1833218,6
umls:C3151221,10
umls:C2608083,10
umls:C0400930,10
umls:C2931006,2
umls:C2675904,4
umls:C0234250,4
umls:C0161479,4
umls:C0001723,4
umls:C0043254,6
umls:C1113650,4
umls:C0581391,7
umls:C0025193,7
umls:C0596344,2
umls:C3536864,4
umls:C0917808,7
umls:C3544214,10
umls:C0559031,4
umls:C0751696,10
umls:C0865424,4
umls:C0850918,4
umls:C3714941,3
umls:C0751372,4
umls:C0232600,4
umls:C0456086,4
umls:C0233488,2
umls:C1864663,10
umls:C0344232,8
umls:C0221287,7
umls:C0265970,8
umls:C1856465,10
umls:C1859536,6
umls:C1859538,6
umls:C0451696,5
umls:C2752039,6
umls:C3809523,6
umls:C0014077,6
umls:C0795996,8
umls:C1835922,3
umls:C1861556,3
umls:C0744848,3
umls:C3275408,10
umls:C2985175,7
umls:C1856016,6
umls:C2749559,10
umls:C2749560,10
umls:C0272087,10
umls:C3665425,10
umls:C1412816,10
umls:C1291620,10
umls:C2750452,4
umls:C1866425,4
umls:C2700405,4
umls:C0238062,4
umls:C1415817,10
umls:C3151220,10
umls:C0265357,10
umls:C0543514,6
umls:C1857808,2
umls:C0432185,10
umls:C0221776,10
umls:C1415024,10
umls:C0155016,10
umls:C1969651,9
umls:C2752037,9
umls:C3151071,9
umls:C1332655,9
umls:C1400417,9
umls:C2020625,9
umls:C0302129,7
umls:C2675859,6
umls:C2931850,2
umls:C0158667,10
umls:C0010668,10
umls:C1290800,10
umls:C0158662,10
umls:C0333992,10
umls:C0398626,6
umls:C3495537,2
umls:C3808012,7
umls:C1864879,7
umls:C3276276,4
umls:C2700431,4
umls:C0342779,4
umls:C1849387,3
umls:C1861455,3
umls:C2678468,3
umls:C0341472,3
umls:C1858328,10
umls:C1300346,10
umls:C1418533,6
umls:C2748941,6
umls:C1836006,2
umls:C1970236,2
umls:C0029128,2
umls:C2751053,7
umls:C3714927,4
umls:C3150275,6
umls:C3809653,6
umls:C0272242,6
umls:C3278664,9
umls:C1838854,9
umls:C1845285,10
umls:C1416656,10
umls:C3150896,7
umls:C1867449,6
umls:C0282525,7
umls:C1859228,2
umls:C3550273,2
umls:C0403554,7
umls:C1837530,10
umls:C1336891,8
umls:C3278147,10
umls:C3278211,7
umls:C3281092,7
umls:C2584611,7
umls:C1862382,8
umls:C1845052,4
umls:C3150099,2
umls:C3275406,8
umls:C1412770,6
umls:C0746731,8
umls:C1834329,3
umls:C1417848,3
umls:C1834330,3
umls:C1859565,2
umls:C1866430,4
umls:C0339004,4
umls:C0474404,7
umls:C0011548,4
umls:C0037789,6
umls:C1112442,4
umls:C0856977,2
umls:C1415737,3
umls:C0376185,3
umls:C0342185,7
umls:C0019699,7
umls:C1860228,7
umls:C1863119,7
umls:C2919365,7
umls:C0403518,7
umls:C0272051,3
umls:C0393799,7
umls:C0010380,7
umls:C2936864,8
umls:C1959626,6
umls:C1275127,6
umls:C1970482,4
umls:C0948968,10
umls:C0751312,4
umls:C2936476,10
umls:C0393538,10
umls:C2931844,10
umls:C0205882,10
umls:C1834690,2
umls:C1843504,2
umls:C0270765,10
umls:C1301959,10
umls:C1836437,10
umls:C0751161,2
umls:C3151228,3
umls:C1854630,7
umls:C0795816,7
umls:C0334660,2
umls:C1414497,4
umls:C0472802,4
umls:C1863012,4
umls:C0266039,4
umls:C3279664,6
umls:C3280030,6
umls:C1641852,8
umls:C1859568,8
umls:C0850672,10
umls:C1834569,7
umls:C1412573,7
umls:C0026552,7
umls:C2751322,7
umls:C0340652,1
umls:C3714630,7
umls:C0000887,10
umls:C0233308,10
umls:C2717792,6
umls:C0751815,10
umls:C1959859,2
umls:C2936894,7
umls:C0014740,7
umls:C0751583,10
umls:C1866956,10
umls:C3163622,7
umls:C2112532,1
umls:C0553548,10
umls:C0259786,10
umls:C0275904,3
umls:C0012736,10
umls:C3695127,2
umls:C1278797,4
umls:C0150841,7
umls:C0028432,6
umls:C0006897,7
umls:C3641618,10
umls:C1867020,7
umls:C0282160,10
umls:C1876164,7
umls:C0221759,6
umls:C0700251,6
umls:C1510479,6
umls:C0014571,6
umls:C0221358,4
umls:C1851085,4
umls:C0795880,4
umls:C3809006,6
umls:C0343082,6
umls:C1955870,3
umls:C1848070,3
umls:C1848201,8
umls:C0431379,10
umls:C1838780,10
umls:C3280939,10
umls:C3280943,10
umls:C0268855,10
umls:C1258085,10
umls:C1535893,7
umls:C0019207,6
umls:C2987127,6
umls:C1839988,7
umls:C3806745,7
umls:C3275579,7
umls:C1275091,7
umls:C2609071,7
umls:C3502469,7
umls:C0334013,7
umls:C0016436,7
umls:C0406631,7
umls:C0001145,7
umls:C3808876,10
umls:C0268487,9
umls:C1879362,7
umls:C1858991,7
umls:C1847967,7
umls:C2960129,6
umls:C3809007,6
umls:C0006144,4
umls:C0043264,4
umls:C0037006,4
umls:C0271547,4
umls:C1443296,4
umls:C0405581,7
umls:C1334620,10
umls:C0742035,7
umls:C0153999,6
umls:C0013911,2
umls:C1281429,10
umls:C0023067,7
umls:C0392439,6
umls:C3151066,3
umls:C3492932,10
umls:C1333084,10
umls:C0268120,10
umls:C0221210,4
umls:C3551716,7
umls:C0268419,7
umls:C0000771,7
umls:C2936847,7
umls:C1171363,7
umls:C2931868,7
umls:C0752048,7
umls:C0013949,7
umls:C0001261,10
umls:C1263758,7
umls:C1536651,7
umls:C0746604,7
umls:C0333295,7
umls:C0268537,7
umls:C0276651,7
umls:C0345427,6
umls:C3148823,6
umls:C3553298,2
umls:C3151061,7
umls:C1970414,6
umls:C3149631,10
umls:C2931505,10
umls:C3807327,7
umls:C0683342,6
umls:C0519066,10
umls:C0871610,10
umls:C0751226,10
umls:C0858355,7
umls:C0393770,6
umls:C0796160,10
umls:C1857761,6
umls:C1838257,6
umls:C1266121,7
umls:C0796012,6
umls:C1527338,4
umls:C2677774,4
umls:C0751912,7
umls:C0008412,7
umls:C0005403,7
umls:C1274788,7
umls:C1881236,7
umls:C1334425,7
umls:C1266071,7
umls:C0086448,7
umls:C0282504,8
umls:C1856058,10
umls:C1856061,10
umls:C0270639,10
umls:C1527411,10
umls:C0014068,10
umls:C0085677,7
umls:C0243000,2
umls:C0012628,7
umls:C2675023,7
umls:C0007774,6
umls:C0268611,2
umls:C2217040,7
umls:C0158629,7
umls:C3151087,10
umls:C0265268,7
umls:C0342286,9
umls:C1855995,2
umls:C2746066,2
umls:C0268414,10
umls:C0031028,4
umls:C0031111,10
umls:C0849784,4
umls:C1335146,4
umls:C3280314,7
umls:C3277900,6
umls:C0520909,4
umls:C0596170,6
umls:C0747752,4
umls:C0013222,6
umls:C0009084,10
umls:C0028047,7
umls:C0006870,4
umls:C0240602,7
umls:C0036339,4
umls:C0857501,7
umls:C0856561,4
umls:C3699402,4
umls:C0271933,7
umls:C0238158,7
umls:C0002891,7
umls:C2051831,7
umls:C1565106,7
umls:C0410445,7
umls:C0475733,8
umls:C0948680,8
umls:C2931782,4
umls:C0241934,4
umls:C1859690,6
umls:C0039516,6
umls:C0033587,6
umls:C1846707,8
umls:C0403555,7
umls:C1853396,6
umls:C2931441,6
umls:C0521659,6
umls:C1857813,6
umls:C1720180,6
umls:C1859570,8
umls:C2751324,8
umls:C1853297,8
umls:C0043208,10
umls:C0152014,10
umls:C0264219,8
umls:C0341470,8
umls:C0242459,8
umls:C0265257,6
umls:C0267841,10
umls:C2931783,7
umls:C0035851,2
umls:C0854809,2
umls:C0740992,2
umls:C1318551,7
umls:C2826330,7
umls:C1708371,3
umls:C1969084,7
umls:C0432219,7
umls:C0751877,7
umls:C1963674,10
umls:C3472711,7
umls:C0270975,2
umls:C0398704,10
umls:C0398703,7
umls:C0267055,6
umls:C0581384,3
umls:C0001510,6
umls:C0853813,6
umls:C0005904,6
umls:C1707878,7
umls:C1708566,7
umls:C2678194,7
umls:C3812402,2
umls:C0264515,2
umls:C0021355,2
umls:C0025064,2
umls:C0038539,10
umls:C1443237,2
umls:C0851881,10
umls:C0578437,2
umls:C1142536,2
umls:C0029878,2
umls:C3249881,10
umls:C0744130,2
umls:C0266568,10
umls:C1837454,3
umls:C3280798,2
umls:C0432255,10
umls:C0406587,10
umls:C1858501,10
umls:C0235081,4
umls:C1855346,10
umls:C0031142,7
umls:C2931779,4
umls:C0456889,7
umls:C0017671,8
umls:C1415614,7
umls:C1864652,6
umls:C0268355,10
umls:C0035522,7
umls:C0005697,4
umls:C0234229,7
umls:C1839463,10
umls:C2931758,10
umls:C1856719,10
umls:C0036211,10
umls:C2062416,7
umls:C0333240,3
umls:C1291329,9
umls:C3810042,4
umls:C0015456,4
umls:C1855840,10
umls:C1855648,10
umls:C1455734,10
umls:C3152055,7
umls:C1833429,6
umls:C0231617,10
umls:C1802395,7
umls:C1291447,8
umls:C1847529,9
umls:C2675517,9
umls:C1847530,9
umls:C0393735,6
umls:C3665365,7
umls:C3554689,7
umls:C3151080,7
umls:C0085396,7
umls:C1834207,6
umls:C2748507,3
umls:C2675112,3
umls:C0024228,4
umls:C0085395,6
umls:C0751799,7
umls:C0022366,7
umls:C0032972,6
umls:C0403528,6
umls:C0341461,6
umls:C0263504,6
umls:C0948391,4
umls:C0268160,10
umls:C1416630,10
umls:C2749019,2
umls:C1846175,2
umls:C0863094,7
umls:C0024507,7
umls:C1417671,7
umls:C1842691,4
umls:C1863732,10
umls:C0432243,10
umls:C0017566,6
umls:C0266807,10
umls:C1319853,7
umls:C0152097,10
umls:C3554519,3
umls:C0238239,10
umls:C1512709,7
umls:C0341742,10
umls:C0231217,2
umls:C1955860,7
umls:C1947968,7
umls:C3241940,4
umls:C1864124,3
umls:C0346169,3
umls:C0279663,10
umls:C1835265,6
umls:C0002938,6
umls:C1257806,6
umls:C0339383,6
umls:C0220693,6
umls:C0268416,10
umls:C1851102,10
umls:C2751105,10
umls:C0266521,10
umls:C0796139,2
umls:C1833538,2
umls:C0012922,4
umls:C1850040,10
umls:C1389473,4
umls:C1854380,6
umls:C2936921,10
umls:C0543533,10
umls:C0032027,10
umls:C1864497,10
umls:C2930842,10
umls:C1858695,7
umls:C3554321,7
umls:C0340548,7
umls:C3711560,7
umls:C0027656,4
umls:C0334280,7
umls:C1837371,3
umls:C0456144,8
umls:C2751321,6
umls:C1850718,7
umls:C0349533,7
umls:C1842486,7
umls:C1283400,7
umls:C1412756,7
umls:C0041105,7
umls:C1867468,7
umls:C1867469,7
umls:C0520758,10
umls:C1854466,6
umls:C3554344,7
umls:C1855986,7
umls:C1850318,4
umls:C0027932,4
umls:C1865639,10
umls:C3809356,2
umls:C3809369,2
umls:C0238448,8
umls:C1969086,10
umls:C2748662,10
umls:C0796200,6
umls:C1419156,7
umls:C1834752,7
umls:C3280220,2
umls:C3281202,2
umls:C0241911,2
umls:C3151140,4
umls:C3553660,10
umls:C0265211,10
umls:C1833688,10
umls:C0009400,10
umls:C1866029,2
umls:C2750798,4
umls:C3279786,9
umls:C0085397,10
umls:C0679360,9
umls:C0003969,6
umls:C0234972,6
umls:C0036474,10
umls:C1866040,8
umls:C1272352,7
umls:C1112734,6
umls:C0042166,7
umls:C1837073,7
umls:C3280296,2
umls:C3714976,10
umls:C2751293,4
umls:C0948588,10
umls:C3553230,7
umls:C3809160,7
umls:C3151421,10
umls:C0521800,10
umls:C3539063,10
umls:C1835664,10
umls:C1837750,7
umls:C2676232,7
umls:C2676233,7
umls:C2748515,6
umls:C2748516,6
umls:C0521527,6
umls:C1720275,8
umls:C0235964,8
umls:C3553774,10
umls:C2931118,10
umls:C2674705,10
umls:C3151209,5
umls:C1412002,5
umls:C0702135,5
umls:C1836694,3
umls:C3280094,3
umls:C1997262,3
umls:C3275447,8
umls:C3810053,8
umls:C2750066,10
umls:C1835828,4
umls:C3541517,3
umls:C3539920,3
umls:C3539916,2
umls:C1869114,1
umls:C1562061,1
umls:C3150926,9
umls:C1292231,9
umls:C0235598,6
umls:C0267211,7
umls:C1833136,10
umls:C2717906,10
umls:C1852700,10
umls:C2717905,10
umls:C1862892,10
umls:C0796254,7
umls:C3554374,6
umls:C2678045,10
umls:C2750787,10
umls:C0339681,10
umls:C3281192,10
umls:C1849348,10
umls:C2748545,10
umls:C3810332,10
umls:C0080274,10
umls:C1838875,5
umls:C0220981,10
umls:C1456863,4
umls:C0156353,3
umls:C2985217,10
umls:C1970021,6
umls:C3151205,7
umls:C0268608,2
umls:C0302361,2
umls:C3542022,7
umls:C2004632,7
umls:C0266795,7
umls:C0431498,7
umls:C1384670,3
umls:C3695063,6
umls:C0024958,8
umls:C1848392,6
umls:C1836780,6
umls:C0221219,7
umls:C3809918,2
umls:C0334384,2
umls:C3150924,6
umls:C1691779,6
umls:C3809567,8
umls:C0206636,10
umls:C3539494,6
umls:C3809686,6
umls:C3553449,2
umls:C2751811,3
umls:C3809824,10
umls:C2751297,10
umls:C0264714,7
umls:C3839346,1
umls:C2677879,4
umls:C2197691,4
umls:C3539120,10
umls:C3809526,10
umls:C3151190,3
umls:C3553948,2
umls:C3553947,2
umls:C3553960,10
umls:C3553959,10
umls:C3808977,6
umls:C3279699,4
umls:C1970479,10
umls:C1853271,4
umls:C0403477,4
umls:C3553404,8
umls:C0342376,6
umls:C2678223,6
umls:C1848068,6
umls:C0235864,6
umls:C2936812,6
umls:C3554355,8
umls:C3280127,2
umls:C3714995,6
umls:C0346323,6
umls:C3808589,6
umls:C3808590,6
umls:C2752073,6
umls:C3553349,7
umls:C0399376,4
umls:C3554608,8
umls:C3151237,10
umls:C3280266,1
umls:C0014059,6
umls:C0026976,10
umls:C0393639,6
umls:C3280526,4
umls:C3554046,4
umls:C0729264,8
umls:C3151211,8
umls:C3809031,3
umls:C2931351,3
umls:C3715051,3
umls:C3281191,2
umls:C3280415,2
umls:C0234378,2
umls:C1843898,9
umls:C3810100,3
umls:C0796227,4
umls:C3840214,6
umls:C1969093,6
umls:C0747078,6
umls:C3810404,4
umls:C3151113,10
umls:C3553636,10
umls:C3540453,2
umls:C3809008,7
umls:C3151058,4
umls:C3809536,10
umls:C3714949,10
umls:C1854273,7
umls:C0740268,10
umls:C1866094,7
umls:C3809199,2
umls:C1812609,2
umls:C1836230,7
umls:C1834750,7
umls:C0018200,7
umls:C0018202,5
umls:C0032453,4
umls:C0003875,6
umls:C0235557,10
umls:C0014127,6
umls:C0262380,4
umls:C0280302,6
umls:C0752235,4
umls:C0280297,6
umls:C0409652,10
umls:C1403880,4
umls:C0473221,9
umls:C0343457,5
umls:C0741237,3
umls:C0578159,7
umls:C0746104,7
umls:C0152002,10
umls:C1720956,6
umls:C1275128,2
umls:C0398694,2
umls:C1970198,2
umls:C2675508,3
umls:C1864880,3
umls:C1847973,2
umls:C3554686,3
umls:C1970344,10
umls:C0857741,8
umls:C3810194,6
umls:C3808981,4
umls:C1837429,10
umls:C3553517,10
umls:C3809798,7
umls:C1968603,3
umls:C3554316,6
umls:C1970200,6
umls:C3539507,8
umls:C3151460,8
umls:C0796205,7
umls:C3151188,4
umls:C3809434,4
umls:C1836517,2
umls:C3280587,10
umls:C3553748,6
umls:C3715216,3
umls:C3809753,4
umls:C0474350,4
umls:C2750729,2
umls:C3539195,2
umls:C1842675,2
umls:C2931786,2
umls:C1839840,10
umls:C3280644,2
umls:C1849385,7
umls:C3553886,10
umls:C3151187,10
umls:C1858516,10
umls:C3151139,3
umls:C3809853,2
umls:C2750074,10
umls:C3553249,10
umls:C1857588,4
umls:C3495589,4
umls:C1843478,7
umls:C0346991,7
umls:C3809278,2
umls:C3809092,7
umls:C2700426,10
umls:C3279885,10
umls:C3807295,10
umls:C1858804,10
umls:C3809013,2
umls:C3809503,7
umls:C3554381,6
umls:C3554599,1
umls:C1846689,4
umls:C1854336,8
umls:C3553571,6
umls:C1858351,10
umls:C3714942,10
umls:C3150797,6
umls:C3809383,8
umls:C1837028,10
umls:C1859817,7
umls:C3554366,7
umls:C2675481,7
umls:C3715192,7
umls:C3280036,7
umls:C3554385,7
umls:C3554453,8
umls:C1857719,6
umls:C3806737,1
umls:C1839884,1
umls:C3281215,7
umls:C1834870,8
umls:C0456483,2
umls:C1370868,2
umls:C0029106,7
umls:C1968897,7
umls:C1852514,7
umls:C1384353,7
umls:C0851341,7
umls:C1836123,2
umls:C0268162,10
umls:C3810012,10
umls:C1862511,10
umls:C1837218,10
umls:C3151120,10
umls:C3151405,3
umls:C3279775,6
umls:C3809288,3
umls:C1847627,9
umls:C0005612,4
umls:C0270871,9
umls:C2752061,10
umls:C3150752,2
umls:C1285186,8
umls:C3151081,7
umls:C1851943,10
umls:C2676244,10
umls:C1858535,2
umls:C1838491,2
umls:C1850168,4
umls:C3151218,4
umls:C3839326,4
umls:C1864900,6
umls:C3810242,4
umls:C0401149,7
umls:C3810138,3
umls:C1854368,8
umls:C1832476,8
umls:C3151467,7
umls:C3151434,3
umls:C3543825,8
umls:C1845343,2
umls:C3808983,1
umls:C3281288,7
umls:C3151462,2
umls:C3151186,3
umls:C3151185,3
umls:C3280133,10
umls:C0268354,4
umls:C0751083,8
umls:C0271364,8
umls:C1334419,8
umls:C3279757,7
umls:C3280703,7
umls:C3554415,7
umls:C0158113,6
umls:C3280371,10
umls:C2680446,10
umls:C3280452,7
umls:C2673198,3
umls:C1832998,4
umls:C1969893,8
umls:C3279627,8
umls:C0017409,8
umls:C1834580,8
umls:C3280970,10
umls:C1969796,10
umls:C1836050,8
umls:C3279722,8
umls:C1840347,8
umls:C3809243,8
umls:C2673913,9
umls:C3806153,9
umls:C2676742,4
umls:C3810062,10
umls:C2673427,8
umls:C1837315,8
umls:C3809414,2
umls:C3554409,8
umls:C3809352,10
umls:C3554235,10
umls:C3809651,7
umls:C3150988,10
umls:C3809165,2
umls:C3810055,3
umls:C3151442,6
umls:C3542550,3
umls:C3809645,6
umls:C0334464,8
umls:C0278595,8
umls:C0743150,8
umls:C3806702,10
umls:C3554195,2
umls:C3554306,2
umls:C3809454,10
umls:C3809845,6
umls:C1832932,7
umls:C1845292,7
umls:C0278769,7
umls:C0474855,7
umls:C1857798,7
umls:C3280734,6
umls:C3280730,6
umls:C3554343,8
umls:C1854988,4
umls:C3554078,2
umls:C3810342,2
umls:C0272176,2
umls:C0936250,7
umls:C3540450,10
umls:C2677106,6
umls:C3150801,2
umls:C3539506,2
umls:C3810376,6
umls:C2751584,10
umls:C2675527,6
umls:C3541853,8
umls:C3280153,2
umls:C0268415,2
umls:C3809198,4
umls:C3150731,10
umls:C3809464,10
umls:C3553915,8
umls:C3809468,6
umls:C3809522,7
umls:C3553831,2
umls:C2751803,7
umls:C3665596,5
umls:C0865681,5
umls:C3553330,4
umls:C3151355,8
umls:C3151356,8
umls:C0220690,8
umls:C3151227,10
umls:C0949496,10
umls:C0677865,9
umls:C1839071,10
umls:C3806746,4
umls:C3809233,10
umls:C2828721,7
umls:C3809893,6
umls:C3553637,6
umls:C3809431,8
umls:C3280203,6
umls:C3281027,8
umls:C3809394,8
umls:C3276339,8
umls:C0259782,6
umls:C1274408,8
umls:C3553529,9
umls:C1836861,10
umls:C3280095,2
umls:C2678046,4
umls:C1853509,7
umls:C1853508,7
umls:C0221215,7
umls:C0344787,7
umls:C3810325,3
umls:C3150912,3
umls:C3553813,2
umls:C3810230,7
umls:C3539168,2
umls:C3553951,2
umls:C2677821,10
umls:C3554047,7
umls:C0031391,4
umls:C0043168,7
umls:C0339084,4
umls:C3553870,7
umls:C3554399,8
umls:C3469606,8
umls:C3280042,3
umls:C1849115,10
umls:C1291601,7
umls:C3280271,7
umls:C0016514,7
umls:C3280285,10
umls:C3539071,7
umls:C3280612,10
umls:C3280616,10
umls:C3280598,10
umls:C1864849,3
umls:C3809210,10
umls:C3809609,4
umls:C3554018,4
umls:C3279905,7
umls:C1857512,2
umls:C2931500,10
umls:C3714896,2
umls:C2675496,3
umls:C3554168,6
umls:C1969562,6
umls:C3809312,2
umls:C2675861,10
umls:C3809192,10
umls:C3280381,4
umls:C0341447,4
umls:C0748607,10
umls:C3554460,8
umls:C3554576,8
umls:C3554447,10
umls:C1858142,7
umls:C1858133,7
umls:C3150998,6
umls:C3151411,4
umls:C0751792,4
umls:C3150901,2
umls:C1824925,10
umls:C3554129,10
umls:C3810023,4
umls:C1858108,2
umls:C3553250,6
umls:C1262005,8
umls:C3151194,7
umls:C0340848,7
umls:C0268456,7
umls:C3809710,10
umls:C3554067,6
umls:C2676235,8
umls:C1851473,7
umls:C0011127,7
umls:C2350270,7
umls:C0154916,10
umls:C0162291,7
umls:C0151970,2
umls:C0017609,10
umls:C0274294,2
umls:C0863194,2
umls:C0265000,7
umls:C0333419,7
umls:C0013609,10
umls:C0334369,4
umls:C0340566,7
umls:C0730605,7
umls:C0025349,10
umls:C0265910,7
umls:C2698203,7
umls:C2063431,2
umls:C0877550,7
umls:C0334400,7
umls:C0730284,7
umls:C0278884,7
umls:C0221025,10
umls:C0155685,10
umls:C0154828,10
umls:C0036400,7
umls:C0920715,7
umls:C0266782,2
umls:C0745411,7
umls:C0041295,2
umls:C1955690,2
umls:C0263912,2
umls:C0085388,5
umls:C0399406,3
umls:C0232943,2
umls:C1337035,2
umls:C0343084,6
umls:C3280866,8
umls:C3553793,3
umls:C3553358,4
umls:C3275459,10
umls:C3553842,2
umls:C1846367,6
umls:C0393526,6
umls:C3280283,9
umls:C1835896,9
umls:C2752089,9
umls:C3280168,9
umls:C0020072,10
umls:C3809971,7
umls:C1832827,4
umls:C1854414,4
umls:C1845293,4
umls:C2750234,2
umls:C1837015,3
umls:C3150875,7
umls:C0241790,7
umls:C0155675,7
umls:C1839728,7
umls:C3150704,4
umls:C0677500,10
umls:C3810407,10
umls:C3275438,2
umls:C3281045,6
umls:C1720958,6
umls:C3808971,10
umls:C2751318,3
umls:C3808899,7
umls:C3280800,7
umls:C3150923,4
umls:C1862177,3
umls:C0220613,7
umls:C3151409,3
umls:C3810160,6
umls:C3279824,10
umls:C1860808,7
umls:C0752252,7
umls:C0398562,7
umls:C3281055,7
umls:C3554690,7
umls:C3554462,2
umls:C2752041,6
umls:C3148763,6
umls:C3553538,6
umls:C1861736,10
umls:C1850140,7
umls:C3809236,9
umls:C2752036,6
umls:C3280976,6
umls:C3553587,7
umls:C3543826,8
umls:C1846038,4
umls:C3151088,7
umls:C3279990,7
umls:C0036416,10
umls:C3830467,7
umls:C0489980,10
umls:C0544855,7
umls:C0240182,7
umls:C0578537,3
umls:C1970199,7
umls:C3809221,3
umls:C3714932,3
umls:C3809216,3
umls:C1862472,9
umls:C1836632,8
umls:C3809965,5
umls:C3151295,3
umls:C3550963,4
umls:C2750082,8
umls:C3275464,2
umls:C3280953,9
umls:C2675471,6
umls:C0543645,6
umls:C0578736,7
umls:C0271932,6
umls:C0178416,6
umls:C0158996,6
umls:C0472713,5
umls:C3810080,2
umls:C3151059,3
umls:C3151077,4
umls:C1864851,4
umls:C3280729,8
umls:C3809655,7
umls:C1852282,8
umls:C3281084,10
umls:C2751686,7
umls:C3552634,7
umls:C2746083,4
umls:C3279997,10
umls:C1846284,6
umls:C3150706,10
umls:C0702169,10
umls:C0432106,10
umls:C3809420,6
umls:C1337030,8
umls:C2752008,2
umls:C3806688,7
umls:C3150715,8
umls:C1859566,8
umls:C3553887,10
umls:C3280679,10
umls:C3810200,3
umls:C3151064,10
umls:C1970203,3
umls:C1835829,7
umls:C3281297,10
umls:C3553869,2
umls:C0264797,7
umls:C3542026,10
umls:C3553940,10
umls:C3810380,6
umls:C1835923,7
umls:C2751090,10
umls:C2751091,10
umls:C2675228,8
umls:C3554524,3
umls:C3808739,6
umls:C1970506,7
umls:C2752038,6
umls:C3809950,6
umls:C0017575,6
umls:C2750791,6
umls:C3809042,4
umls:C3554607,10
umls:C1855100,7
umls:C3553999,10
umls:C3809875,10
umls:C3280265,10
umls:C3553512,6
umls:C3554593,7
umls:C0152455,7
umls:C0341702,7
umls:C3554687,10
umls:C1970197,10
umls:C3809592,7
umls:C3554496,2
umls:C0206675,7
umls:C3163987,7
umls:C1511306,7
umls:C0346208,7
umls:C1337014,7
umls:C0456861,4
umls:C0341851,7
umls:C3838825,7
umls:C3810175,6
umls:C1848599,7
umls:C3808935,1
umls:C3275508,2
umls:C3806670,2
umls:C0002879,2
umls:C3550913,2
umls:C3279614,4
umls:C3809105,9
umls:C2751802,10
umls:C0815110,7
umls:C0743073,2
umls:C3280346,6
umls:C2751812,6
umls:C3151404,4
umls:C3279793,9
umls:C3281234,8
umls:C3553762,10
umls:C0001576,2
umls:C1533161,8
umls:C1298820,10
umls:C3809320,3
umls:C3809469,10
umls:C3715156,10
umls:C3281289,6
umls:C3553354,4
umls:C0343047,7
umls:C0343713,7
umls:C3808844,10
umls:C3714945,10
umls:C3554638,6
umls:C2677162,8
umls:C3150700,4
umls:C1853198,10
umls:C1858106,7
umls:C0014078,7
umls:C1863600,7
umls:C2938905,7
umls:C3279948,7
umls:C1868118,6
umls:C3541319,3
umls:C1837640,7
umls:C3808889,10
umls:C3150821,3
umls:C1846534,10
umls:C3553719,7
umls:C3810363,10
umls:C2677087,4
umls:C1858380,8
umls:C1864908,6
umls:C1838023,2
umls:C1842342,3
umls:C0346057,3
umls:C3826591,3
umls:C3553077,10
umls:C1539956,10
umls:C0850024,7
umls:C2720289,10
umls:C0015702,10
umls:C0031306,10
umls:C0472790,10
umls:C0272132,3
umls:C0339697,3
umls:C1868355,3
umls:C1336827,10
umls:C0340969,3
umls:C2677567,10
umls:C1833486,10
umls:C1969054,9
umls:C1845446,7
umls:C2363129,7
umls:C1832814,4
umls:C3809543,7
umls:C3810343,6
umls:C1856718,4
umls:C1842763,8
umls:C0432222,8
umls:C0853041,4
umls:C0012754,8
umls:C0796215,4
umls:C3810354,9
umls:C0041976,3
umls:C0311389,7
umls:C2316786,9
umls:C0027927,2
umls:C1970027,10
umls:C0022904,10
umls:C2750081,10
umls:C3809606,4
umls:C0403812,3
umls:C0152077,6
umls:C3554478,7
umls:C3809049,7
umls:C3279748,8
umls:C3810170,7
umls:C0495953,10
umls:C1299240,10
umls:C0085074,7
umls:C1840391,9
umls:C2751316,1
umls:C3553785,1
umls:C3151068,3
umls:C3280073,10
umls:C3808553,6
umls:C1866070,10
umls:C2675511,10
umls:C1838359,4
umls:C0033770,10
umls:C1835084,10
umls:C1970224,10
umls:C3266628,10
umls:C1845526,9
umls:C3280282,4
umls:C1854989,4
umls:C3553929,10
umls:C3550693,10
umls:C1537752,3
umls:C3150657,5
umls:C1842979,4
umls:C1845543,7
umls:C3806722,7
umls:C3280226,2
umls:C3809209,6
umls:C1423873,10
umls:C3554021,7
umls:C0006091,7
umls:C3711381,10
umls:C3150191,2
umls:C2675185,2
umls:C2751603,4
umls:C3150401,4
umls:C2678479,10
umls:C3150802,7
umls:C3553607,3
umls:C0796089,10
umls:C3715049,6
umls:C3553936,2
umls:C3553937,2
umls:C3281044,3
umls:C3809691,7
umls:C3150900,4
umls:C1853258,10
umls:C3280240,6
umls:C1863516,6
umls:C1333532,7
umls:C3469527,7
umls:C3715155,8
umls:C3151264,6
umls:C0347515,7
umls:C3714948,10
umls:C3553409,8
umls:C3553597,10
umls:C3553844,4
umls:C3553758,7
umls:C0406727,7
umls:C3539495,7
umls:C3714897,7
umls:C1858338,7
umls:C2829267,8
umls:C1843895,7
umls:C3280120,9
umls:C3554079,7
umls:C1969644,4
umls:C3809803,7
umls:C3810394,10
umls:C1835817,10
umls:C3150547,10
umls:C3553264,10
umls:C3554105,10
umls:C3489724,10
umls:C2750771,10
umls:C1836824,7
umls:C2675860,6
umls:C3809872,4
umls:C3150990,10
umls:C3150902,4
umls:C0035354,4
umls:C0036749,4
umls:C0035012,4
umls:C1423690,9
umls:C1304508,8
umls:C3279875,4
umls:C3554163,5
umls:C1837873,2
umls:C1852767,2
umls:C1855304,2
umls:C0342873,3
umls:C1970712,10
umls:C0855138,7
umls:C0854792,7
umls:C0855071,7
umls:C2751681,7
umls:C0085269,7
umls:C1835009,10
umls:C0265122,4
umls:C1266034,6
umls:C1370723,6
umls:C3281066,3
umls:C3809513,7
umls:C0206713,7
umls:C3280284,10
umls:C3809634,9
umls:C0239134,9
umls:C2677770,10
umls:C0242362,4
umls:C3554663,7
umls:C1845334,4
umls:C1845539,4
umls:C3810289,2
umls:C0751795,2
umls:C3553843,4
umls:C3150876,7
umls:C1720957,6
umls:C0035956,6
umls:C2348037,7
umls:C3494358,8
umls:C3149931,7
umls:C2674504,7
umls:C1843942,10
umls:C3150750,6
umls:C1857776,6
umls:C3809553,10
umls:C1857344,7
umls:C3809583,7
umls:C1275321,7
umls:C1332633,6
umls:C0855139,7
umls:C3272822,6
umls:C0545080,7
umls:C0740372,9
umls:C1333096,1
umls:C3553625,10
umls:C1858717,10
umls:C0152203,10
umls:C1842247,10
umls:C3553868,7
umls:C1319860,7
umls:C3810283,9
umls:C3550903,7
umls:C1839736,7
umls:C1858726,7
umls:C1291463,7
umls:C3151097,10
umls:C3151126,10
umls:C3554654,8
umls:C1833275,10
umls:C0024307,10
umls:C1835407,10
umls:C0009759,7
umls:C2750067,10
umls:C0238457,7
umls:C1851184,10
umls:C0340766,2
umls:C0271174,8
umls:C0149801,10
umls:C0395866,7
umls:C0332561,2
umls:C0262568,6
umls:C1414532,7
umls:C2751092,7
umls:C3280887,7
umls:C3662068,9
umls:C3553328,2
umls:C3280011,6
umls:C2675128,7
umls:C1536168,7
umls:C3150618,2
umls:C3554330,4
umls:C2749872,10
umls:C2677793,10
umls:C2751294,4
umls:C1836255,10
umls:C3553961,7
umls:C3280914,7
umls:C0221207,7
umls:C3554182,7
umls:C1855565,4
umls:C0745745,7
umls:C3809339,10
umls:C3554056,4
umls:C2752040,7
umls:C0554628,10
umls:C0014493,7
umls:C0268742,8
umls:C3151303,2
umls:C1321926,2
umls:C0002624,6
umls:C0042995,7
umls:C1333468,6
umls:C0086588,3
umls:C1260880,7
umls:C0030593,6
umls:C0577620,6
umls:C0206067,6
umls:C0751911,6
umls:C0013504,6
umls:C0264939,4
umls:C0023788,6
umls:C1142253,6
umls:C0005806,6
umls:C0026975,6
umls:C0858318,6
umls:C0015405,7
umls:C0041324,6
umls:C0032026,7
umls:C0005659,6
umls:C1843273,3
umls:C0018204,6
umls:C0022073,7
umls:C0157917,6
umls:C1260874,7
umls:C0238650,10
umls:C0393847,10
umls:C2931639,6
umls:C0747739,6
umls:C1290140,6
umls:C0023346,6
umls:C1333292,6
umls:C0038463,6
umls:C1510449,6
umls:C0746306,6
umls:C1562028,6
umls:C0864632,6
umls:C2931521,6
umls:C0586989,2
umls:C0019911,2
umls:C0264478,6
umls:C1457871,7
umls:C0266928,6
umls:C0038529,6
umls:C0685901,6
umls:C0022081,6
umls:C0474824,6
umls:C0519055,6
umls:C1384665,4
umls:C2673520,4
umls:C0025534,4
umls:C0162539,6
umls:C0518656,4
umls:C0206609,4
umls:C3839044,4
umls:C0341299,4
umls:C0424323,6
umls:C0745031,7
umls:C2215257,7
umls:C0027401,7
umls:C2711618,7
umls:C0151559,2
umls:C0027609,10
umls:C0006868,7
umls:C1298685,7
umls:C0877578,7
umls:C3178766,4
umls:C0233483,7
umls:C2957106,7
umls:C0007859,6
umls:C0393738,7
umls:C1541844,7
umls:C0343387,4
umls:C0332677,7
umls:C0042998,4
umls:C0011385,4
umls:C0011361,2
umls:C1290638,2
umls:C0085581,4
umls:C1142423,7
umls:C0239295,3
umls:C1960047,10
umls:C1867047,7
umls:C0036685,7
umls:C0032241,4
umls:C0751213,4
umls:C0851980,2
umls:C3278560,7
umls:C0263949,7
umls:C1850568,7
umls:C0398680,2
umls:C0267750,6
umls:C0267448,2
umls:C2959467,4
umls:C0025345,4
umls:C0232959,4
umls:C2676484,7
umls:C0015404,7
umls:C0267541,4
umls:C0496899,3
umls:C0275778,2
umls:C1864267,7
umls:C0036093,6
umls:C3825128,10
umls:C1706410,6
umls:C0276084,8
umls:C1504431,6
umls:C1302476,5
umls:C0030824,7
umls:C2930827,2
umls:C0079741,7
umls:C0349412,2
umls:C0869523,10
umls:C0752335,6
umls:C0744301,5
umls:C1304134,6
umls:C0302826,6
umls:C0151772,10
umls:C0027822,7
umls:C0155943,7
umls:C0041755,7
umls:C0860603,7
umls:C0877792,6
umls:C3825135,7
umls:C3826462,10
umls:C2266670,6
umls:C0233610,7
umls:C0005874,7
umls:C0348898,7
umls:C0270587,7
umls:C0236816,4
umls:C0424318,7
umls:C0679309,7
umls:C0458631,7
umls:C0700319,7
umls:C1735373,7
umls:C0747479,7
umls:C0032302,3
umls:C0497248,6
umls:C0280242,6
umls:C0040559,6
umls:C0338422,4
umls:C0035585,7
umls:C0849640,6
umls:C2931297,6
umls:C0036130,7
umls:C0339805,7
umls:C0235280,5
umls:C0701826,7
umls:C0452122,4
umls:C0220624,10
umls:C3279756,10
umls:C2959547,7
umls:C1334801,7
umls:C0334507,4
umls:C1322281,7
umls:C0311368,7
umls:C0086196,7
umls:C0008680,7
umls:C0085436,4
umls:C0920163,10
umls:C2973529,2
umls:C0036347,4
umls:C3242635,4
umls:C3810401,2
umls:C2677294,2
umls:C1510446,9
umls:C0264734,2
umls:C0519097,2
umls:C1969108,7
umls:C1336636,7
umls:C0004659,7
umls:C2350529,7
umls:C0016659,10
umls:C0020162,4
umls:C0744471,4
umls:C2350530,7
umls:C1262117,10
umls:C0240811,3
umls:C0262421,10
umls:C0263442,6
umls:C0008707,7
umls:C0581366,10
umls:C0948160,6
umls:C1096582,6
umls:C0810320,10
umls:C0267953,10
umls:C0085692,5
umls:C0149523,10
umls:C1167752,7
umls:C0399452,6
umls:C3151070,6
umls:C0042909,5
umls:C0154822,5
umls:C1970029,1
umls:C0549143,2
umls:C1264624,10
umls:C0876991,8
umls:C0267807,9
umls:C0006261,5
umls:C1970030,5
umls:C0740985,3
umls:C0558916,5
umls:C1621719,4
umls:C0008711,4
umls:C2243086,3
umls:C0272105,3
umls:C0746316,3
umls:C0205641,3
umls:C1860213,7
umls:C0020224,6
umls:C1275421,10
umls:C0349622,10
umls:C1275417,10
umls:C0334492,10
umls:C3813158,10
umls:C1439329,9
umls:C3502110,9
umls:C0006110,7
umls:C0011620,10
umls:C0555206,10
umls:C1336970,4
umls:C0014736,8
umls:C3280524,7
umls:C3280479,7
umls:C0036118,7
umls:C0014347,7
umls:C0729777,7
umls:C0740766,4
umls:C0340782,6
umls:C0037974,7
umls:C0854406,7
umls:C0268757,7
umls:C0850758,6
umls:C0340030,7
umls:C0343968,6
umls:C2346458,1
umls:C0238294,7
umls:C3824881,7
umls:C0406305,4
umls:C0234959,7
umls:C1411934,7
umls:C0276883,7
umls:C0009186,7
umls:C0155866,10
umls:C0276667,7
umls:C0278722,7
umls:C3714739,6
umls:C0334309,3
umls:C1835808,7
umls:C1334682,7
umls:C0349516,7
umls:C0149793,7
umls:C0339229,7
umls:C0334163,10
umls:C0349636,2
umls:C0279593,3
umls:C0023488,3
umls:C0456877,3
umls:C0023472,2
umls:C0935681,2
umls:C0278785,2
umls:C0018814,4
umls:C0149649,9
umls:C0162637,4
umls:C1969343,10
umls:C0154307,7
umls:C0016995,4
umls:C1860861,4
umls:C0009595,7
umls:C0085128,9
umls:C1334956,2
umls:C0279987,2
umls:C1861786,4
umls:C1861785,4
umls:C0018920,4
umls:C2931263,4
umls:C0730304,4
umls:C0340828,4
umls:C1302793,4
umls:C1968668,8
umls:C0410808,7
umls:C0034535,6
umls:C0036917,10
umls:C0152964,5
umls:C0919659,6
umls:C3825715,10
umls:C0282312,4
umls:C0264684,7
umls:C0036686,5
umls:C1318711,4
umls:C0949091,10
umls:C0040524,2
umls:C0025293,6
umls:C0343461,4
umls:C0027429,2
umls:C0423732,7
umls:C0743244,2
umls:C0588006,7
umls:C1837739,8
umls:C3553382,10
umls:C0271885,10
umls:C0023051,10
umls:C0555202,7
umls:C1956130,4
umls:C0334638,7
umls:C0545081,7
umls:C1368771,4
umls:C1333786,5
umls:C0344191,10
umls:C0280201,6
umls:C0855070,6
umls:C0272401,6
umls:C3164851,7
umls:C0919532,10
umls:C0556346,10
umls:C0158288,6
umls:C0030783,10
umls:C1334899,4
umls:C1841973,4
umls:C0027577,4
umls:C2930863,4
umls:C0598689,4
umls:C1841982,4
umls:C0022118,10
umls:C3665358,4
umls:C0015951,4
umls:C0235660,4
umls:C0269995,4
umls:C0152183,7
umls:C0338078,10
umls:C0271552,7
umls:C2960725,4
umls:C0151620,10
umls:C1323099,7
umls:C0009269,6
umls:C0264802,10
umls:C1704268,7
umls:C0026603,7
umls:C0455988,2
umls:C0270221,2
umls:C0158369,2
umls:C0694575,2
umls:C1841651,8
umls:C1155266,8
umls:C0276876,8
umls:C2350449,8
umls:C1840547,6
umls:C0175708,6
umls:C3241919,8
umls:C0741395,5
umls:C1274216,8
umls:C0155118,8
umls:C0409667,5
umls:C0036271,6
umls:C0023219,6
umls:C0040412,7
umls:C0700078,4
umls:C0037672,6
umls:C0004368,6
umls:C0004366,5
umls:C1827192,6
umls:C0151798,10
umls:C1562312,7
umls:C3809877,2
umls:C0740830,6
umls:C1327920,2
umls:C0280251,2
umls:C0085077,2
umls:C1292771,2
umls:C1840531,10
umls:C2717837,10
umls:C0038940,10
umls:C0456863,4
umls:C1275325,2
umls:C1264190,2
umls:C1333295,2
umls:C2698750,2
umls:C0343208,2
umls:C0474809,4
umls:C1956131,2
umls:C0854866,2
umls:C3272525,8
umls:C1956132,7
umls:C0600039,4
umls:C0079758,9
umls:C1519719,10
umls:C1112746,2
umls:C0152256,2
umls:C1333849,3
umls:C0278180,2
umls:C0334580,2
umls:C0024304,2
umls:C0240803,2
umls:C2677100,7
umls:C2677097,7
umls:C0027983,7
umls:C0032001,10
umls:C1842839,10
umls:C0581126,10
umls:C1301797,7
umls:C0263353,7
umls:C0429219,7
umls:C0150045,7
umls:C0858598,7
umls:C1096717,10
umls:C0231749,7
umls:C2677091,3
umls:C0877172,9
umls:C0018946,9
umls:C2676721,9
umls:C0007177,9
umls:C0085307,9
umls:C1266101,4
umls:C1285175,4
umls:C0338596,6
umls:C0341047,4
umls:C0748324,4
umls:C0016542,7
umls:C1562010,7
umls:C0395887,7
umls:C1337012,10
umls:C0268123,6
umls:C0264097,3
umls:C0035244,7
umls:C0751865,4
umls:C1442981,10
umls:C0241913,7
umls:C0400943,10
umls:C3146244,2
umls:C1279376,10
umls:C0333113,2
umls:C1704430,7
umls:C0040460,10
umls:C1970207,3
umls:C0037036,4
umls:C0010678,4
umls:C0239055,4
umls:C1510475,10
umls:C3160917,4
umls:C1336078,9
umls:C0302872,3
umls:C1960396,4
umls:C0265807,4
umls:C1282365,10
umls:C0018944,7
umls:C0011406,7
umls:C1275684,7
umls:C1266086,7
umls:C0687140,4
umls:C1333987,7
umls:C0877849,10
umls:C1334687,7
umls:C0206639,7
umls:C3553816,7
umls:C0242073,7
umls:C0268009,7
umls:C0400822,7
umls:C1274865,6
umls:C0432443,10
umls:C0809935,10
umls:C3495421,10
umls:C1335110,6
umls:C0005683,6
umls:C0151731,10
umls:C0857862,10
umls:C0553665,2
umls:C0684550,2
umls:C3825353,2
umls:C0425481,2
umls:C0033740,2
umls:C1421143,7
umls:C0394016,7
umls:C0854492,2
umls:C0679293,7
umls:C2004461,7
umls:C0341486,8
umls:C0009374,4
umls:C3279661,8
umls:C0855009,10
umls:C0813142,4
umls:C0020453,2
umls:C1997092,7
umls:C1510410,8
umls:C3150974,4
umls:C2931739,4
umls:C2945698,7
umls:C1956418,10
umls:C0154819,6
umls:C0233703,4
umls:C0684516,4
umls:C0338822,4
umls:C2703042,6
umls:C0339471,6
umls:C0027547,10
umls:C0277555,10
umls:C1857253,2
umls:C3808913,2
umls:C0030424,3
umls:C2931112,6
umls:C1955906,10
umls:C0860564,7
umls:C0011302,10
umls:C0549423,10
umls:C3266324,10
umls:C0861152,10
umls:C0393971,4
umls:C3805410,7
umls:C0524524,7
umls:C1833270,3
umls:C3696954,8
umls:C1262148,8
umls:C0037018,6
umls:C1720008,10
umls:C1332059,10
umls:C0206631,3
umls:C0334509,10
umls:C0205823,4
umls:C0343363,3
umls:C0346117,3
umls:C0340305,4
umls:C0334572,7
umls:C3838965,7
umls:C0752101,8
umls:C3552574,2
umls:C2675188,2
umls:C1709103,2
umls:C0847483,4
umls:C3809928,3
umls:C2985174,3
umls:C0232119,4
umls:C1416865,10
umls:C2936797,10
umls:C3280574,10
umls:C2585107,3
umls:C0343560,10
umls:C0877854,6
umls:C0035921,10
umls:C0555108,7
umls:C0349453,8
umls:C0334689,8
umls:C2212006,10
umls:C0266284,8
umls:C0278717,8
umls:C1321869,8
umls:C2677571,4
umls:C0001828,4
umls:C2674665,4
umls:C1827841,4
umls:C0275009,4
umls:C0581375,7
umls:C1420387,7
umls:C1866810,7
umls:C0005001,10
umls:C0403428,10
umls:C1862463,8
umls:C0268095,10
umls:C0268194,9
umls:C0162494,4
umls:C0334368,10
umls:C1867396,10
umls:C3809672,4
umls:C0338404,10
umls:C2677101,3
umls:C0876994,3
umls:C0004093,7
umls:C0345906,10
umls:C0520904,3
umls:C1565951,3
umls:C1842816,2
umls:C1334243,3
umls:C1846721,7
umls:C1281914,10
umls:C3538945,10
umls:C3151617,10
umls:C3812886,10
umls:C3640999,10
umls:C3280913,7
umls:C1611184,7
umls:C0151936,7
umls:C0237938,6
umls:C0553718,3
umls:C0038018,3
umls:C0037205,3
umls:C0037944,3
umls:C1414525,9
umls:C0005758,1
umls:C0221521,10
umls:C0018245,7
umls:C3808414,8
umls:C2681413,8
umls:C1417917,10
umls:C0018425,10
umls:C0036454,10
umls:C1420015,2
umls:C0342849,3
umls:C1863081,10
umls:C1863080,10
umls:C0008439,10
umls:C0747733,10
umls:C0155223,6
umls:C2936833,6
umls:C1864868,6
umls:C0152074,9
umls:C2931893,3
umls:C1832392,5
umls:C1857845,5
umls:C0033103,5
umls:C3495928,7
umls:C0016782,7
umls:C0276665,8
umls:C0847092,7
umls:C1271398,8
umls:C1864867,10
umls:C0235063,7
umls:C1291317,8
umls:C0236970,7
umls:C0220612,7
umls:C0920506,7
umls:C1866120,10
umls:C2674838,8
umls:C2608086,8
umls:C0337672,5
umls:C0393756,7
umls:C0679414,8
umls:C0221100,5
umls:C0394996,5
umls:C0585229,7
umls:C1861630,7
umls:C0334398,2
umls:C1744559,7
umls:C1841721,6
umls:C3553374,4
umls:C0949855,4
umls:C3484357,10
umls:C3809087,8
umls:C1276072,10
umls:C1853829,10
umls:C3151079,10
umls:C0238217,4
umls:C0239888,10
umls:C3149378,7
umls:C3809991,7
umls:C3151136,6
umls:C3809641,8
umls:C0920296,8
umls:C3280797,4
umls:C1865233,7
umls:C3150693,2
umls:C1868512,8
umls:C3164344,8
umls:C1425796,10
umls:C1538326,10
umls:C3810265,6
umls:C1719306,8
umls:C0008340,7
umls:C0339470,7
umls:C1868653,7
umls:C0349675,7
umls:C3697269,7
umls:C0279625,3
umls:C0751340,6
umls:C0795825,2
umls:C0279603,2
umls:C1333071,10
umls:C1171335,6
umls:C3281089,7
umls:C2677096,7
umls:C1335444,7
umls:C1558141,7
umls:C0010046,7
umls:C0600502,7
umls:C3146265,7
umls:C0033579,7
umls:C0233643,3
umls:C0278577,10
umls:C0334486,7
umls:C0241982,7
umls:C1837811,3
umls:C1704251,10
umls:C1262020,10
umls:C1854577,8
umls:C0015773,10
umls:C1282241,10
umls:C3150741,9
umls:C2018774,6
umls:C0020102,4
umls:C0242338,3
umls:C0597745,4
umls:C3825570,7
umls:C1096000,4
umls:C0152966,4
umls:C0409208,4
umls:C1956390,4
umls:C3826452,7
umls:C0743188,3
umls:C0016397,4
umls:C0589368,4
umls:C3825879,7
umls:C0339968,7
umls:C0339961,7
umls:C0151450,10
umls:C0678356,4
umls:C0339005,4
umls:C2677079,3
umls:C0814138,9
umls:C3280641,6
umls:C1333979,9
umls:C0016024,6
umls:C0519095,6
umls:C1321909,6
umls:C1527298,7
umls:C0014358,7
umls:C0020192,10
umls:C3494361,10
umls:C0339315,10
umls:C0031157,10
umls:C0235952,7
umls:C1827894,1
umls:C0272191,10
umls:C0581354,10
umls:C0857860,10
umls:C0595956,7
umls:C3826743,4
umls:C1266134,6
umls:C1266123,9
umls:C1837154,4
umls:C1837156,4
umls:C1837157,4
umls:C1832426,7
umls:C0948807,3
umls:C0520905,4
umls:C0542165,4
umls:C0041672,7
umls:C0917890,7
umls:C0393761,7
umls:C1334763,7
umls:C0556385,4
umls:C1527402,10
umls:C0745417,4
umls:C0029104,10
umls:C1264613,7
umls:C0278079,10
umls:C2675719,7
umls:C0042258,6
umls:C3146249,10
umls:C0862448,10
umls:C0085594,2
umls:C0085641,6
umls:C0272214,10
umls:C1262202,2
umls:C0041315,4
umls:C0043124,7
umls:C2675864,7
umls:C0005604,7
umls:C2363741,4
umls:C0005424,4
umls:C3824759,7
umls:C0740832,4
umls:C1319296,10
umls:C1857847,5
umls:C0029420,6
umls:C0206608,7
umls:C0025287,6
umls:C0524911,6
umls:C0343537,6
umls:C0751908,9
umls:C1859648,7
umls:C1858067,3
umls:C0553581,8
umls:C0206671,6
umls:C0684354,10
umls:C1377916,4
umls:C1263892,4
umls:C0334451,4
umls:C0019522,7
umls:C3280642,6
umls:C1835362,7
umls:C0013298,1
umls:C1855179,8
umls:C0744421,7
umls:C1333043,10
umls:C0338614,7
umls:C0338715,7
umls:C0233777,7
umls:C1705179,8
umls:C0302142,10
umls:C0154724,10
umls:C0265428,2
umls:C0431404,10
umls:C0392026,8
umls:C2584434,7
umls:C0037073,7
umls:C2673468,7
umls:C1332338,7
umls:C0016427,4
umls:C1333177,8
umls:C1455705,10
umls:C0086789,10
umls:C0279818,10
umls:C1336079,10
umls:C3151268,8
umls:C1853959,10
umls:C0238489,9
umls:C0263776,9
umls:C2751663,4
umls:C2677613,4
umls:C0276093,4
umls:C1333001,9
umls:C0559460,9
umls:C1333117,8
umls:C0279708,8
umls:C1840438,8
umls:C0393720,8
umls:C1865819,3
umls:C1512411,8
umls:C2676468,8
umls:C0232717,6
umls:C1257861,6
umls:C0312422,4
umls:C1514225,3
umls:C0424000,7
umls:C0032780,6
umls:C1262006,2
umls:C3550478,2
umls:C2930927,2
umls:C3280315,6
umls:C2673200,6
umls:C0267925,9
umls:C1854187,7
umls:C1841989,6
umls:C0037998,4
umls:C1335381,4
umls:C0266025,4
umls:C0036918,6
umls:C0302280,6
umls:C2350168,4
umls:C0018482,10
umls:C3536738,6
umls:C1571983,6
umls:C0339402,6
umls:C2363755,10
umls:C1970020,4
umls:C0751774,7
umls:C2751829,4
umls:C0521694,7
umls:C0558920,7
umls:C0334635,10
umls:C2677093,4
umls:C1862389,4
umls:C3280986,8
umls:C1996989,10
umls:C0268109,10
umls:C1836023,10
umls:C1836024,10
umls:C0042214,4
umls:C2931173,8
umls:C1656590,8
umls:C0024793,6
umls:C0162852,8
umls:C0205707,3
umls:C0334518,3
umls:C3552343,2
umls:C1857720,2
umls:C1855472,7
umls:C2720436,10
umls:C1274320,4
umls:C3554656,10
umls:C1720728,10
umls:C0404445,10
umls:C0016627,4
umls:C1336820,6
umls:C0553707,6
umls:C0235044,6
umls:C1969665,10
umls:C0035793,7
umls:C0398359,3
umls:C3279470,10
umls:C1848435,10
umls:C0023743,10
umls:C3164096,7
umls:C0741796,10
umls:C1636152,10
umls:C3826634,10
umls:C1834531,10
umls:C0392663,7
umls:C1336750,4
umls:C1832321,3
umls:C1853096,4
umls:C0021832,10
umls:C0271294,10
umls:C0339904,10
umls:C1442984,10
umls:C0018193,7
umls:C3825986,5
umls:C1837872,10
umls:C1096309,7
umls:C0334491,7
umls:C0346345,6
umls:C1275277,6
umls:C1336939,7
umls:C0940607,7
umls:C0149927,7
umls:C0025184,7
umls:C0037997,6
umls:C0153500,10
umls:C3280690,7
umls:C0334565,4
umls:C0740479,3
umls:C1275275,7
umls:C0347206,7
umls:C0267770,7
umls:C1862209,7
umls:C0346200,10
umls:C0559459,3
umls:C1332539,10
umls:C0302246,10
umls:C1707390,7
umls:C0265113,4
umls:C0334611,7
umls:C2931434,2
umls:C2677123,2
umls:C0259743,10
umls:C0026683,10
umls:C3839609,10
umls:C1853099,10
umls:C1333034,7
umls:C0442833,3
umls:C0751814,7
umls:C3714992,6
umls:C3279754,6
umls:C0025874,10
umls:C0474807,8
umls:C3161259,2
umls:C1112443,7
umls:C0856904,6
umls:C1970455,2
umls:C3542922,2
umls:C2750733,2
umls:C0747820,10
umls:C0035404,7
umls:C2936917,5
umls:C0001752,7
umls:C0031345,7
umls:C2673469,7
umls:C0796548,6
umls:C0278586,6
umls:C0006436,7
umls:C3150941,4
umls:C0153064,10
umls:C0685891,9
umls:C3150739,4
umls:C3554540,7
umls:C0038364,10
umls:C3554657,3
umls:C1420653,10
umls:C0342701,10
umls:C1708000,7
umls:C0599458,4
umls:C0241235,4
umls:C0406756,4
umls:C3151230,4
umls:C0342800,6
umls:C0521657,10
umls:C1266180,10
umls:C0036902,7
umls:C1856405,7
umls:C1842466,8
umls:C1335971,7
umls:C2931037,6
umls:C0020578,6
umls:C0541798,7
umls:C0264487,6
umls:C2674252,3
umls:C0162677,3
umls:C1866980,3
umls:C0038159,3
umls:C0233585,3
umls:C0741160,3
umls:C0406607,9
umls:C0007894,4
umls:C0334286,7
umls:C1513718,10
umls:C3553270,8
umls:C1868889,8
umls:C0687713,8
umls:C1318550,7
umls:C1260881,4
umls:C0153066,7
umls:C1853963,10
umls:C0268733,10
umls:C0005741,7
umls:C2675865,10
umls:C0275572,2
umls:C0154009,3
umls:C0686625,4
umls:C0154088,7
umls:C1849554,8
umls:C1367420,8
umls:C0266316,7
umls:C1836721,2
umls:C1427106,7
umls:C3279902,7
umls:C0340569,10
umls:C0751177,7
umls:C0432123,8
umls:C0268341,7
umls:C0745754,7
umls:C1847351,10
umls:C3553845,4
umls:C1856897,4
umls:C0524541,10
umls:C0795846,6
umls:C1335723,6
umls:C0152227,8
umls:C0426396,6
umls:C0854771,3
umls:C0730328,8
umls:C0021313,7
umls:C3825926,10
umls:C0232865,10
umls:C1842982,7
umls:C0859023,10
umls:C1333482,6
umls:C1832587,8
umls:C1416842,4
umls:C3806711,7
umls:C3275443,4
umls:C1321757,7
umls:C3809874,10
umls:C0454596,8
umls:C1336012,1
umls:C1260327,1
umls:C0271388,3
umls:C0029291,10
umls:C2931746,10
umls:C0267830,3
umls:C0268624,10
umls:C0276108,3
umls:C0334447,6
umls:C1334657,7
umls:C0220702,4
umls:C3277235,7
umls:C0206625,3
umls:C0003756,8
umls:C0020058,3
umls:C3711388,3
umls:C3810147,10
umls:C1845609,10
umls:C0018013,2
umls:C0344183,2
umls:C0595978,6
umls:C3150738,6
umls:C0272398,10
umls:C2931320,7
umls:C1302424,7
umls:C1859567,3
umls:C2930974,6
umls:C3281153,10
umls:C0242785,7
umls:C0152517,7
umls:C1846533,2
umls:C0040252,4
umls:C3554004,2
umls:C3553247,7
umls:C0024286,7
umls:C1302454,7
umls:C1842797,7
umls:C2931216,7
umls:C2983423,7
umls:C0149637,7
umls:C1336456,7
umls:C0016154,10
umls:C0275708,10
umls:C0239211,10
umls:C0741183,10
umls:C0024713,7
umls:C0019940,6
umls:C2751012,10
umls:C0849668,6
umls:C0701824,10
umls:C1332228,7
umls:C1336005,8
umls:C0920776,6
umls:C1332866,8
umls:C1519675,7
umls:C1336160,10
umls:C0597647,7
umls:C3714496,7
umls:C0231311,7
umls:C0854740,7
umls:C0856954,10
umls:C0036503,6
umls:C3808953,7
umls:C3151062,7
umls:C3151433,10
umls:C0018572,7
umls:C2678486,10
umls:C0334337,7
umls:C2955673,10
umls:C0235915,7
umls:C1282239,4
umls:C2931781,7
umls:C3714933,7
umls:C0020449,2
umls:C3266863,7
umls:C1112429,7
umls:C0694566,7
umls:C1838332,7
umls:C0152545,7
umls:C3826068,7
umls:C0282512,4
umls:C3806402,4
umls:C0348165,4
umls:C3806403,4
umls:C0349680,4
umls:C1704373,8
umls:C0031873,10
umls:C3809888,7
umls:C1370507,3
umls:C1321782,8
umls:C0456107,7
umls:C0751850,10
umls:C3808975,10
umls:C0749163,10
umls:C2675767,6
umls:C0158489,6
umls:C1142115,6
umls:C1334680,10
umls:C2939414,10
umls:C2609046,10
umls:C3808667,2
umls:C0948052,10
umls:C0796121,3
umls:C1832589,10
umls:C3280674,10
umls:C0677861,7
umls:C0015207,7
umls:C3661937,7
umls:C3495586,7
umls:C1332549,3
umls:C0851885,7
umls:C0281293,7
umls:C2721652,4
umls:C0085697,8
umls:C0152230,6
umls:C0233526,7
umls:C1532790,10
umls:C3552335,8
umls:C1864649,8
umls:C0859943,3
umls:C3553418,2
umls:C0003467,2
umls:C0236800,2
umls:C3536576,2
umls:C0178264,2
umls:C0334517,10
umls:C1864828,10
umls:C1257931,8
umls:C0004712,10
umls:C0865245,7
umls:C0278544,7
umls:C3146256,7
umls:C1405301,10
umls:C1858303,8
umls:C0021828,10
umls:C1428293,7
umls:C0155789,10
umls:C1336554,7
umls:C1970095,10
umls:C2676739,10
umls:C1415091,8
umls:C3539888,4
umls:C1847849,4
umls:C1859537,6
umls:C0432246,10
umls:C1847572,10
umls:C0432244,10
umls:C2750180,7
umls:C0342683,10
umls:C2677086,10
umls:C3150908,3
umls:C0265449,2
umls:C0220730,2
umls:C0432302,10
umls:C2732697,10
umls:C3150672,8
umls:C0027665,6
umls:C3665629,6
umls:C1868397,8
umls:C0432333,10
umls:C1847692,8
umls:C0815123,10
umls:C2676192,4
umls:C3807521,2
umls:C1853723,2
umls:C0281663,2
umls:C0751635,10
umls:C3151137,8
umls:C0554119,8
umls:C3550973,3
umls:C1258039,7
umls:C0345916,6
umls:C0392445,8
umls:C0036203,10
umls:C3280742,7
umls:C0683362,7
umls:C0236720,7
umls:C1970238,2
umls:C2751805,6
umls:C1608393,10
umls:C0266833,10
umls:C1290162,10
umls:C0685828,10
umls:C3810127,10
umls:C1837615,3
umls:C0277005,3
umls:C1519665,3
umls:C0154038,7
umls:C3472470,8
umls:C2676243,6
umls:C1836010,10
umls:C0262407,10
umls:C0004426,8
umls:C2931870,7
umls:C1837929,10
umls:C0001539,10
umls:C0041849,4
umls:C0334036,10
umls:C0154129,10
umls:C1843889,7
umls:C3281201,10
umls:C0240439,10
umls:C2680447,8
umls:C2239290,10
umls:C0206744,10
umls:C2750893,6
umls:C3150751,6
umls:C3150753,6
umls:C0346158,4
umls:C1167720,4
umls:C3280783,7
umls:C3280790,7
umls:C0024692,7
umls:C3808115,10
umls:C1969032,10
umls:C1838502,2
umls:C1290049,7
umls:C0263409,7
umls:C0031019,7
umls:C1832733,3
umls:C3151441,10
umls:C1843891,10
umls:C3810285,2
umls:C3151304,4
umls:C0020241,10
umls:C1854181,6
umls:C1853488,6
umls:C0274869,2
umls:C0085933,2
umls:C3542549,7
umls:C1519172,10
umls:C0393524,10
umls:C0268474,10
umls:C3150740,2
umls:C0268314,10
umls:C0266985,4
umls:C1839576,6
umls:C1278536,4
umls:C1847691,8
umls:C1854573,8
umls:C1847719,8
umls:C3275476,10
umls:C0234243,7
umls:C3279841,3
umls:C3554691,2
umls:C0149821,2
umls:C3150677,2
umls:C0549150,6
umls:C0406468,6
umls:C3279843,7
umls:C1858964,6
umls:C1863616,7
umls:C1847622,7
umls:C0019096,10
umls:C0398764,7
umls:C1859252,10
umls:C0454606,4
umls:C1835662,8
umls:C3554002,2
umls:C1862866,4
umls:C0596298,6
umls:C3554605,10
umls:C0342765,6
umls:C1291386,6
umls:C3150127,8
umls:C1837529,10
umls:C3554495,7
umls:C0271934,8
umls:C2749936,2
umls:C0158118,8
umls:C3280538,2
umls:C0158779,10
umls:C1838348,2
umls:C2931830,4
umls:C0239737,7
umls:C3830518,10
umls:C3827253,10
umls:C3809719,10
umls:C3280031,9
umls:C0011757,4
umls:C1842642,9
umls:C1837439,6
umls:C1863688,8
umls:C0009451,7
umls:C0342609,7
umls:C0263421,7
umls:C0162700,7
umls:C2749020,4
umls:C2677325,10
umls:C0220687,4
umls:C3280897,4
umls:C3554373,4
umls:C0015190,10
umls:C1266131,4
umls:C1970147,4
umls:C1262482,10
umls:C0000821,10
umls:C1859298,10
umls:C2677094,4
umls:C1836841,6
umls:C3150860,2
umls:C3278404,10
umls:C0879279,10
umls:C1846170,8
umls:C1866041,10
umls:C3150274,10
umls:C1865881,7
umls:C1969478,8
umls:C1876174,7
umls:C1864323,4
umls:C0026205,7
umls:C3275495,6
umls:C1843786,10
umls:C1865782,7
umls:C2213017,10
umls:C1367652,10
umls:C1135869,10
umls:C0333101,6
umls:C0004771,3
umls:C1842353,1
umls:C1832387,9
umls:C3279964,3
umls:C0030781,9
umls:C1853964,6
umls:C1853900,6
umls:C1853899,6
umls:C0751871,10
umls:C0549263,7
umls:C1861106,7
umls:C1442761,7
umls:C1854469,2
umls:C0263222,10
umls:C0233475,7
umls:C0175755,7
umls:C0432357,7
umls:C3806917,10
umls:C3151226,7
umls:C3280660,2
umls:C0333133,9
umls:C2678155,4
umls:C1858118,7
umls:C0795974,10
umls:C2678034,8
umls:C3275445,8
umls:C0332886,6
umls:C0334515,6
umls:C0275594,8
umls:C1857828,6
umls:C1836757,8
umls:C1853830,2
umls:C1842643,7
umls:C1857855,6
umls:C2931011,7
umls:C3501912,7
umls:C0265342,7
umls:C1846128,10
umls:C1370657,10
umls:C2364111,6
umls:C0858599,7
umls:C0231818,2
umls:C0085696,10
umls:C3151402,3
umls:C1833499,7
umls:C1832167,6
umls:C1846278,2
umls:C1845116,3
umls:C1846735,7
umls:C1837149,7
umls:C1832431,7
umls:C1853360,8
umls:C1832774,3
umls:C0268347,1
umls:C3150680,2
umls:C1852145,6
umls:C1852146,6
umls:C0521686,7
umls:C3241958,7
umls:C1832474,10
umls:C1839612,7
umls:C1298695,7
umls:C2676507,8
umls:C3279991,6
umls:C2675711,7
umls:C1412041,9
umls:C1864941,10
umls:C1849094,6
umls:C2931009,10
umls:C3810403,3
umls:C1848139,10
umls:C2931278,4
umls:C2677105,4
umls:C1842371,4
umls:C0162576,10
umls:C2711266,10
umls:C2711591,10
umls:C3280345,10
umls:C1852750,10
umls:C1854275,7
umls:C0025235,2
umls:C1836621,6
umls:C1850281,6
umls:C0520757,7
umls:C1842136,7
umls:C1864125,4
umls:C1266100,3
umls:C3151037,7
umls:C1420598,10
umls:C1832605,10
umls:C0342344,6
umls:C1847735,6
umls:C1527375,10
umls:C1842112,10
umls:C1839073,3
umls:C0233558,6
umls:C1335712,3
umls:C0398755,4
umls:C3151078,4
umls:C0039621,4
umls:C1838069,4
umls:C1864695,4
umls:C1853139,6
umls:C1857749,2
umls:C1864186,3
umls:C1860265,7
umls:C1834919,2
umls:C1415709,1
umls:C1837595,10
umls:C1836506,6
umls:C1836330,7
umls:C1829742,3
umls:C1720470,8
umls:C1847605,10
umls:C0041471,4
umls:C0038041,4
umls:C2931743,9
umls:C1333984,6
umls:C1852718,4
umls:C1864940,6
umls:C2937419,10
umls:C0973461,10
umls:C0023381,10
umls:C0343957,10
umls:C3180937,10
umls:C1837972,10
umls:C3553977,6
umls:C1858233,6
umls:C0338474,7
umls:C1865981,7
umls:C1415802,7
umls:C1853949,5
umls:C0340896,5
umls:C1969046,1
umls:C2677505,4
umls:C0240295,7
umls:C1292305,10
umls:C0039010,10
umls:C1262296,10
umls:C0085679,10
umls:C2316401,10
umls:C3665601,3
umls:C0278686,7
umls:C3826394,4
umls:C2676732,10
umls:C1844865,4
umls:C2675358,8
umls:C1861380,10
umls:C0431890,10
umls:C0265660,10
umls:C0012979,3
umls:C0156189,10
umls:C2675458,7
umls:C0031538,4
umls:C1842422,10
umls:C0154863,7
umls:C3279708,6
umls:C1837609,7
umls:C2026186,7
umls:C2751696,7
umls:C1969758,7
umls:C1866483,5
umls:C3151379,4
umls:C3280817,4
umls:C1853248,8
umls:C1335713,10
umls:C1842676,2
umls:C1862196,3
umls:C0158962,1
umls:C1842186,3
umls:C1836436,10
umls:C2931379,8
umls:C0001364,10
umls:C1853451,7
umls:C1837528,8
umls:C1847493,6
umls:C2931010,10
umls:C1370701,6
umls:C1864472,10
umls:C1864960,1
umls:C0494164,3
umls:C0013533,5
umls:C0398673,5
umls:C0022415,5
umls:C0014541,5
umls:C2678151,4
umls:C3808786,3
umls:C1865794,10
umls:C0206145,8
umls:C1527330,8
umls:C0859974,10
umls:C3810359,4
umls:C1847360,4
umls:C1845165,4
umls:C1860972,4
umls:C1836254,2
umls:C1413785,7
umls:C1865342,6
umls:C0220721,10
umls:C1862229,10
umls:C1321273,7
umls:C1274214,7
umls:C0342268,7
umls:C0270985,10
umls:C0151693,7
umls:C0153437,10
umls:C2677108,3
umls:C1846279,10
umls:C1864111,6
umls:C0278579,10
umls:C1838420,6
umls:C1853760,7
umls:C2936879,10
umls:C0034219,2
umls:C3810107,7
umls:C1318881,2
umls:C1708187,4
umls:C1861553,7
umls:C0280801,10
umls:C3281001,7
umls:C1862932,7
umls:C1839262,3
umls:C3280501,1
umls:C1849386,10
umls:C0425449,6
umls:C1838019,8
umls:C3279840,8
umls:C0342737,8
umls:C1335691,10
umls:C0018854,2
umls:C0242310,2
umls:C1537561,7
umls:C1835967,6
umls:C2750077,3
umls:C1274167,8
umls:C0600336,8
umls:C3280100,10
umls:C0267778,8
umls:C0205671,9
umls:C1839258,7
umls:C1332441,10
umls:C2678038,6
umls:C1832229,8
umls:C0041974,7
umls:C0751211,7
umls:C3810294,10
umls:C0001249,10
umls:C1282227,10
umls:C0028425,10
umls:C0232982,4
umls:C0472772,7
umls:C0271986,7
umls:C1837593,10
umls:C1836005,10
umls:C0857737,7
umls:C3280471,10
umls:C0685053,7
umls:C1279265,4
umls:C1709447,6
umls:C2931025,7
umls:C2700406,7
umls:C1845286,4
umls:C1863769,3
umls:C1842756,2
umls:C0040127,10
umls:C1969653,10
umls:C2930985,8
umls:C1970179,2
umls:C1854180,3
umls:C3150877,10
umls:C1865810,3
umls:C1861235,7
umls:C1840299,10
umls:C0085620,10
umls:C2750447,4
umls:C3807873,6
umls:C1836603,6
umls:C2931290,2
umls:C1864199,8
umls:C2752074,2
umls:C1864068,9
umls:C1838262,9
umls:C1851100,7
umls:C1865427,8
umls:C1539278,7
umls:C2676508,6
umls:C1836258,4
umls:C1955566,7
umls:C0598790,6
umls:C1846573,10
umls:C0344263,8
umls:C0518964,8
umls:C1842852,4
umls:C2930982,6
umls:C2675659,7
umls:C2676933,8
umls:C3280392,8
umls:C1846838,3
umls:C1865882,7
umls:C1970009,6
umls:C0334567,10
umls:C0277799,4
umls:C0877013,10
umls:C1839735,7
umls:C1857093,8
umls:C1836503,6
umls:C1847604,4
umls:C1844948,2
umls:C2680445,6
umls:C1857852,5
umls:C1853473,7
umls:C3554279,4
umls:C0018078,7
umls:C1334402,3
umls:C0334428,3
umls:C1333275,3
umls:C0346046,3
umls:C0279089,3
umls:C1838260,10
umls:C0600061,6
umls:C0041960,4
umls:C1848294,7
umls:C0263420,8
umls:C3277701,10
umls:C1848814,6
umls:C1863613,4
umls:C1854430,6
umls:C1428921,4
umls:C0236801,10
umls:C3276432,7
umls:C1969811,5
umls:C1842345,7
umls:C1847972,8
umls:C1842113,10
umls:C1838655,8
umls:C2931209,7
umls:C0796195,4
umls:C1845051,4
umls:C0396060,7
umls:C1845531,4
umls:C3541474,1
umls:C1644196,1
umls:C2673634,1
umls:C1720383,1
umls:C1859721,10
umls:C1836765,6
umls:C0599990,6
umls:C1515091,8
umls:C0154061,8
umls:C3808986,1
umls:C0861830,6
umls:C0041316,6
umls:C0268187,6
umls:C1832977,4
umls:C2676281,10
umls:C0312860,8
umls:C1864957,7
umls:C2677587,7
umls:C1854274,7
umls:C0858906,7
umls:C0282008,3
umls:C1836481,2
umls:C0278879,8
umls:C1335469,8
umls:C1861833,4
umls:C3152144,7
umls:C1832241,7
umls:C1863594,9
umls:C3553582,2
umls:C1837608,8
umls:C1860433,3
umls:C1836899,2
umls:C1834079,3
umls:C1834703,6
umls:C1839070,10
umls:C3275898,7
umls:C1832471,7
umls:C1845050,2
umls:C1842757,2
umls:C1867394,6
umls:C1838020,10
umls:C2930981,2
umls:C3151056,2
umls:C3554439,2
umls:C3810384,6
umls:C1854022,1
umls:C1846164,10
umls:C1865864,3
umls:C1846685,6
umls:C1846949,2
umls:C1865818,4
umls:C1843264,10
umls:C3810349,7
umls:C3501856,6
umls:C1418874,1
umls:C0344550,1
umls:C1854125,10
umls:C1839730,10
umls:C3554592,4
umls:C1843884,10
umls:C1858114,10
umls:C3279974,6
umls:C1834405,6
umls:C0085661,6
umls:C1537984,10
umls:C1832841,4
umls:C0234369,10
umls:C0406723,3
umls:C1852557,6
umls:C1866139,10
umls:C0398581,4
umls:C1842062,7
umls:C3825592,4
umls:C0154946,10
umls:C3808940,9
umls:C1859209,9
umls:C1519702,6
umls:C1836830,6
umls:C1847614,10
umls:C1845717,2
umls:C1417292,2
umls:C2675180,10
umls:C3280741,4
umls:C0019097,4
umls:C1846046,6
umls:C1846366,10
umls:C1861696,7
umls:C0038986,7
umls:C0263472,7
umls:C0343380,10
umls:C0240896,8
umls:C2931354,7
umls:C0577691,10
umls:C1970144,4
umls:C1398301,7
umls:C2930983,6
umls:C1321884,2
umls:C1261251,2
umls:C1832440,6
umls:C2676485,3
umls:C2675523,10
umls:C2675509,7
umls:C0740852,7
umls:C0342369,7
umls:C0152087,8
umls:C0406409,10
umls:C1867438,10
umls:C1842755,4
umls:C2936421,8
umls:C3151219,10
umls:C0398367,7
umls:C1848138,4
umls:C1850000,6
umls:C0341024,6
umls:C0264886,9
umls:C1854568,10
umls:C1866519,10
umls:C1845142,2
umls:C1832379,7
umls:C2748550,3
umls:C1839615,4
umls:C1857844,8
umls:C2675552,3
umls:C0265116,8
umls:C1859452,2
umls:C0393554,2
umls:C3711380,2
umls:C1863557,6
umls:C0581359,10
umls:C3553494,6
umls:C1969645,10
umls:C0751509,10
umls:C3151898,2
umls:C3281160,5
umls:C2750442,10
umls:C3280766,10
umls:C3810295,7
umls:C2676727,3
umls:C3808184,3
umls:C3553720,6
umls:C0272240,9
umls:C1839021,7
umls:C3280378,6
umls:C3502075,6
umls:C3151407,3
umls:C1848204,7
umls:C3151465,6
umls:C3809483,10
umls:C3809910,6
umls:C3279716,7
umls:C3279839,7
umls:C3806730,4
umls:C2676042,7
umls:C3554349,4
umls:C3280182,10
umls:C2677088,10
umls:C3281029,7
umls:C3554575,10
umls:C3810067,6
umls:C1861194,6
umls:C0443842,7
umls:C1862204,7
umls:C3810043,7
umls:C3553414,8
umls:C3809684,3
umls:C1836295,8
umls:C1824359,7
umls:C3809299,6
umls:C3809706,2
umls:C3554367,7
umls:C3554159,10
umls:C0796063,10
umls:C3809650,6
umls:C1857342,10
umls:C3280155,7
umls:C3810367,8
umls:C1292203,9
umls:C3554456,2
umls:C3809954,8
umls:C3809624,2
umls:C3553676,6
umls:C3151193,4
umls:C3553661,6
umls:C1709573,6
umls:C3151461,10
umls:C1857977,4
umls:C3553633,2
umls:C3810324,10
umls:C3809147,6
umls:C3550875,2
umls:C3540844,3
umls:C3809701,3
umls:C3554517,7
umls:C3147083,7
umls:C3809811,6
umls:C3810326,6
umls:C0264787,7
umls:C2673866,3
umls:C3553989,10
umls:C3810278,7
umls:C1864947,7
umls:C3810001,2
umls:C3539003,6
umls:C3809470,6
umls:C3809482,6
umls:C2585575,7
umls:C2675207,5
umls:C3810212,10
umls:C1850053,10
umls:C3808920,1
umls:C3553932,6
umls:C3554428,8
umls:C1863926,8
umls:C3554520,10
umls:C3279807,7
umls:C3553709,7
umls:C3280026,6
umls:C3554448,8
umls:C3810313,10
umls:C1845408,2
umls:C3809427,3
umls:C3554042,3
umls:C3810072,7
umls:C3550921,2
umls:C3553830,6
umls:C3554246,10
umls:C3810406,2
umls:C3470075,7
umls:C3810350,7
umls:C3554209,10
umls:C3279738,8
umls:C3809374,4
umls:C3280146,6
umls:C3203653,10
umls:C0154254,10
umls:C0276919,7
umls:C0334542,8
umls:C0334541,8
umls:C2362320,6
umls:C1290386,7
umls:C0399451,8
umls:C0269062,2
umls:C0349619,4
umls:C3542501,4
umls:C1458142,8
umls:C0010392,4
umls:C2987142,10
umls:C0276638,10
umls:C3839767,2
umls:C1336145,7
umls:C3807541,6
umls:C1838656,10
umls:C1273070,10
umls:C1850081,10
umls:C1292775,2
umls:C0085160,3
umls:C0795959,7
umls:C0268240,8
umls:C1302392,8
umls:C1855733,10
umls:C1868502,5
umls:C1283761,10
umls:C3808800,7
umls:C0796055,6
umls:C0235599,10
umls:C0270721,3
umls:C0338375,10
umls:C0017675,10
umls:C0740376,7
umls:C2584751,7
umls:C0272387,5
umls:C1333430,5
umls:C0268837,7
umls:C3272530,10
umls:C1518004,1
umls:C1704383,1
umls:C0278721,2
umls:C0278844,2
umls:C0344906,2
umls:C0741276,2
umls:C1336754,10
umls:C0730306,10
umls:C1706527,10
umls:C1334814,6
umls:C1332171,6
umls:C2585959,4
umls:C2585960,4
umls:C2586160,4
umls:C0267988,4
umls:C0034735,4
umls:C0002016,4
umls:C0302892,4
umls:C0232503,4
umls:C2931877,4
umls:C1274161,6
umls:C0234906,6
umls:C1334798,6
umls:C0004669,7
umls:C0994344,2
umls:C0497397,7
umls:C1855771,10
umls:C0398707,8
umls:C1866203,4
umls:C3536593,6
umls:C0948075,8
umls:C0014126,8
umls:C0851693,7
umls:C0349555,7
umls:C1334655,2
umls:C0238324,2
umls:C1333130,2
umls:C1112576,6
umls:C1260326,6
umls:C0277527,7
umls:C2063616,8
umls:C0272290,4
umls:C0398627,10
umls:C0751249,10
umls:C1319193,2
umls:C0279705,10
umls:C0948187,10
umls:C0010626,10
umls:C0267176,10
umls:C0409977,4
umls:C0267716,7
umls:C0241831,7
umls:C1276004,4
umls:C0233773,4
umls:C0030508,4
umls:C0233560,7
umls:C0333294,10
umls:C3266101,9
umls:C1336191,2
umls:C0085642,7
umls:C0406516,3
umls:C0344900,10
umls:C0265931,10
umls:C1335433,7
umls:C0796013,9
umls:C0740418,8
umls:C0700138,10
umls:C0748243,7
umls:C0006131,7
umls:C1333046,8
umls:C1333291,4
umls:C0002173,10
umls:C1332894,10
umls:C1319300,7
umls:C1333112,7
umls:C0278080,10
umls:C1333860,7
umls:C0581874,7
umls:C1112709,10
umls:C0474834,7
umls:C0032606,7
umls:C1717804,2
umls:C0206645,7
umls:C2585231,9
umls:C0279639,10
umls:C1827973,9
umls:C0036689,6
umls:C0563305,6
umls:C1332578,7
umls:C0795844,8
umls:C2062763,8
umls:C0024167,8
umls:C1556326,10
umls:C0857828,7
umls:C1512431,7
umls:C1333128,8
umls:C0423086,10
umls:C1333866,8
umls:C0276379,7
umls:C2931915,10
umls:C0406645,10
umls:C0037383,6
umls:C0149922,8
umls:C1335299,8
umls:C0003650,8
umls:C3554539,8
umls:C0343729,8
umls:C0235287,3
umls:C1332591,7
umls:C0232476,7
umls:C1298714,7
umls:C0158761,8
umls:C0424574,6
umls:C0221182,6
umls:C0038663,8
umls:C1266128,2
umls:C0238152,8
umls:C0334685,10
umls:C0549642,7
umls:C1721017,7
umls:C0332915,8
umls:C0158738,7
umls:C0043349,8
umls:C0086103,8
umls:C1960556,3
umls:C0154947,8
umls:C0340726,10
umls:C0020604,7
umls:C0271288,7
umls:C0023284,8
umls:C0278584,10
umls:C3472181,3
umls:C0235999,3
umls:C0268799,10
umls:C0262591,9
umls:C0152138,6
umls:C0018987,7
umls:C1959869,10
umls:C0521478,10
umls:C0795822,10
umls:C0029002,6
umls:C0423428,7
umls:C0333648,7
umls:C1266095,3
umls:C0740304,7
umls:C0029261,3
umls:C0039147,10
umls:C0042781,2
umls:C0281779,6
umls:C0153439,7
umls:C0268496,2
umls:C2936910,2
umls:C1858210,6
umls:C1334240,8
umls:C0795907,3
umls:C1332140,7
umls:C0231450,7
